kind,label,loss,method,nfe,novel,sce_radius,seed,total,unique_novel,unique_valid,valid
generation,ce_r0_s0,ce,euler,8,206,,0,1024,206,229,229
generation,ce_r0_s0,ce,neighbor,8,176,,0,1024,176,208,208
generation,ce_r0_s0,ce,entropy,8,40,,0,1024,40,42,42
generation,ce_r0_s0,ce,euler,16,297,,0,1024,297,359,359
generation,ce_r0_s0,ce,neighbor,16,288,,0,1024,288,339,339
generation,ce_r0_s0,ce,entropy,16,147,,0,1024,147,153,153
generation,ce_r0_s0,ce,euler,32,320,,0,1024,320,401,401
generation,ce_r0_s0,ce,neighbor,32,336,,0,1024,336,401,401
generation,ce_r0_s0,ce,entropy,32,239,,0,1024,239,261,261
generation,ce_r0_s0,ce,euler,64,330,,0,1024,330,412,412
generation,ce_r0_s0,ce,neighbor,64,383,,0,1024,383,467,467
generation,ce_r0_s0,ce,entropy,64,302,,0,1024,302,354,354
generation,ce_r0_s0,ce,euler,128,369,,0,1024,369,451,451
generation,ce_r0_s0,ce,neighbor,128,373,,0,1024,373,467,467
generation,ce_r0_s0,ce,entropy,128,377,,0,1024,377,453,453
generation,ce_r0_s0,ce,euler,256,385,,0,1024,385,466,467
generation,ce_r0_s0,ce,neighbor,256,396,,0,1024,395,492,493
generation,ce_r0_s0,ce,entropy,256,442,,0,1024,442,550,550
generation,ce_r0_s1,ce,euler,8,219,,1,1024,219,246,246
generation,ce_r0_s1,ce,neighbor,8,186,,1,1024,186,207,207
generation,ce_r0_s1,ce,entropy,8,49,,1,1024,49,53,53
generation,ce_r0_s1,ce,euler,16,301,,1,1024,301,349,349
generation,ce_r0_s1,ce,neighbor,16,277,,1,1024,277,328,328
generation,ce_r0_s1,ce,entropy,16,113,,1,1024,113,125,125
generation,ce_r0_s1,ce,euler,32,338,,1,1024,338,414,414
generation,ce_r0_s1,ce,neighbor,32,349,,1,1024,349,417,417
generation,ce_r0_s1,ce,entropy,32,241,,1,1024,241,281,281
generation,ce_r0_s1,ce,euler,64,390,,1,1024,390,474,474
generation,ce_r0_s1,ce,neighbor,64,386,,1,1024,386,473,473
generation,ce_r0_s1,ce,entropy,64,322,,1,1024,322,385,385
generation,ce_r0_s1,ce,euler,128,354,,1,1024,354,439,439
generation,ce_r0_s1,ce,neighbor,128,398,,1,1024,398,493,493
generation,ce_r0_s1,ce,entropy,128,398,,1,1024,398,478,479
generation,ce_r0_s1,ce,euler,256,396,,1,1024,395,496,497
generation,ce_r0_s1,ce,neighbor,256,414,,1,1024,414,519,519
generation,ce_r0_s1,ce,entropy,256,425,,1,1024,425,544,544
generation,ce_r0_s2,ce,euler,8,207,,2,1024,207,233,233
generation,ce_r0_s2,ce,neighbor,8,193,,2,1024,193,220,220
generation,ce_r0_s2,ce,entropy,8,49,,2,1024,49,52,52
generation,ce_r0_s2,ce,euler,16,267,,2,1024,267,316,316
generation,ce_r0_s2,ce,neighbor,16,268,,2,1024,268,304,304
generation,ce_r0_s2,ce,entropy,16,103,,2,1024,103,111,111
generation,ce_r0_s2,ce,euler,32,338,,2,1024,338,407,407
generation,ce_r0_s2,ce,neighbor,32,334,,2,1024,334,393,393
generation,ce_r0_s2,ce,entropy,32,223,,2,1024,223,252,252
generation,ce_r0_s2,ce,euler,64,367,,2,1024,367,444,444
generation,ce_r0_s2,ce,neighbor,64,385,,2,1024,385,463,464
generation,ce_r0_s2,ce,entropy,64,321,,2,1024,321,382,382
generation,ce_r0_s2,ce,euler,128,382,,2,1024,382,447,447
generation,ce_r0_s2,ce,neighbor,128,396,,2,1024,396,479,479
generation,ce_r0_s2,ce,entropy,128,369,,2,1024,369,459,459
generation,ce_r0_s2,ce,euler,256,385,,2,1024,384,461,462
generation,ce_r0_s2,ce,neighbor,256,409,,2,1024,408,498,499
generation,ce_r0_s2,ce,entropy,256,397,,2,1024,396,521,522
generation,ce_r0_s3,ce,euler,8,208,,3,1024,208,241,241
generation,ce_r0_s3,ce,neighbor,8,178,,3,1024,178,208,208
generation,ce_r0_s3,ce,entropy,8,54,,3,1024,54,59,59
generation,ce_r0_s3,ce,euler,16,299,,3,1024,299,364,364
generation,ce_r0_s3,ce,neighbor,16,307,,3,1024,307,357,357
generation,ce_r0_s3,ce,entropy,16,124,,3,1024,124,134,134
generation,ce_r0_s3,ce,euler,32,355,,3,1024,355,426,426
generation,ce_r0_s3,ce,neighbor,32,371,,3,1024,371,454,454
generation,ce_r0_s3,ce,entropy,32,241,,3,1024,241,282,282
generation,ce_r0_s3,ce,euler,64,353,,3,1024,353,443,444
generation,ce_r0_s3,ce,neighbor,64,381,,3,1024,381,464,464
generation,ce_r0_s3,ce,entropy,64,334,,3,1024,334,396,396
generation,ce_r0_s3,ce,euler,128,389,,3,1024,389,469,469
generation,ce_r0_s3,ce,neighbor,128,397,,3,1024,397,494,495
generation,ce_r0_s3,ce,entropy,128,391,,3,1024,391,490,490
generation,ce_r0_s3,ce,euler,256,396,,3,1024,396,495,495
generation,ce_r0_s3,ce,neighbor,256,405,,3,1024,405,500,502
generation,ce_r0_s3,ce,entropy,256,435,,3,1024,435,553,554
generation,sce_r1_s0,sce,euler,8,175,1,0,1024,175,197,197
generation,sce_r1_s0,sce,neighbor,8,151,1,0,1024,151,175,175
generation,sce_r1_s0,sce,entropy,8,36,1,0,1024,36,37,37
generation,sce_r1_s0,sce,euler,16,236,1,0,1024,236,300,300
generation,sce_r1_s0,sce,neighbor,16,259,1,0,1024,259,295,295
generation,sce_r1_s0,sce,entropy,16,112,1,0,1024,112,120,120
generation,sce_r1_s0,sce,euler,32,294,1,0,1024,294,353,353
generation,sce_r1_s0,sce,neighbor,32,294,1,0,1024,294,357,357
generation,sce_r1_s0,sce,entropy,32,214,1,0,1024,214,234,234
generation,sce_r1_s0,sce,euler,64,305,1,0,1024,305,366,366
generation,sce_r1_s0,sce,neighbor,64,345,1,0,1024,345,429,429
generation,sce_r1_s0,sce,entropy,64,302,1,0,1024,302,348,348
generation,sce_r1_s0,sce,euler,128,331,1,0,1024,331,422,422
generation,sce_r1_s0,sce,neighbor,128,341,1,0,1024,341,431,431
generation,sce_r1_s0,sce,entropy,128,336,1,0,1024,336,411,411
generation,sce_r1_s0,sce,euler,256,341,1,0,1024,341,413,413
generation,sce_r1_s0,sce,neighbor,256,358,1,0,1024,357,442,443
generation,sce_r1_s0,sce,entropy,256,397,1,0,1024,397,492,492
generation,sce_r1_s1,sce,euler,8,179,1,1,1024,179,208,208
generation,sce_r1_s1,sce,neighbor,8,156,1,1,1024,156,181,181
generation,sce_r1_s1,sce,entropy,8,37,1,1,1024,37,37,37
generation,sce_r1_s1,sce,euler,16,281,1,1,1024,281,324,324
generation,sce_r1_s1,sce,neighbor,16,219,1,1,1024,219,263,263
generation,sce_r1_s1,sce,entropy,16,103,1,1,1024,103,113,113
generation,sce_r1_s1,sce,euler,32,303,1,1,1024,303,368,368
generation,sce_r1_s1,sce,neighbor,32,314,1,1,1024,314,372,372
generation,sce_r1_s1,sce,entropy,32,205,1,1,1024,205,240,240
generation,sce_r1_s1,sce,euler,64,346,1,1,1024,346,428,428
generation,sce_r1_s1,sce,neighbor,64,340,1,1,1024,340,420,420
generation,sce_r1_s1,sce,entropy,64,281,1,1,1024,281,319,320
generation,sce_r1_s1,sce,euler,128,333,1,1,1024,332,403,404
generation,sce_r1_s1,sce,neighbor,128,350,1,1,1024,350,421,422
generation,sce_r1_s1,sce,entropy,128,336,1,1,1024,336,424,425
generation,sce_r1_s1,sce,euler,256,340,1,1,1024,340,414,414
generation,sce_r1_s1,sce,neighbor,256,360,1,1,1024,360,454,455
generation,sce_r1_s1,sce,entropy,256,388,1,1,1024,388,484,484
generation,sce_r1_s2,sce,euler,8,197,1,2,1024,197,222,222
generation,sce_r1_s2,sce,neighbor,8,159,1,2,1024,159,181,181
generation,sce_r1_s2,sce,entropy,8,32,1,2,1024,32,33,33
generation,sce_r1_s2,sce,euler,16,242,1,2,1024,242,278,278
generation,sce_r1_s2,sce,neighbor,16,241,1,2,1024,241,280,280
generation,sce_r1_s2,sce,entropy,16,87,1,2,1024,87,96,96
generation,sce_r1_s2,sce,euler,32,315,1,2,1024,315,374,374
generation,sce_r1_s2,sce,neighbor,32,313,1,2,1024,313,358,358
generation,sce_r1_s2,sce,entropy,32,202,1,2,1024,202,224,224
generation,sce_r1_s2,sce,euler,64,316,1,2,1024,316,382,383
generation,sce_r1_s2,sce,neighbor,64,364,1,2,1024,364,432,432
generation,sce_r1_s2,sce,entropy,64,284,1,2,1024,284,326,326
generation,sce_r1_s2,sce,euler,128,352,1,2,1024,352,418,418
generation,sce_r1_s2,sce,neighbor,128,356,1,2,1024,356,428,428
generation,sce_r1_s2,sce,entropy,128,356,1,2,1024,355,429,431
generation,sce_r1_s2,sce,euler,256,361,1,2,1024,361,419,419
generation,sce_r1_s2,sce,neighbor,256,353,1,2,1024,353,446,446
generation,sce_r1_s2,sce,entropy,256,368,1,2,1024,368,463,464
generation,sce_r1_s3,sce,euler,8,178,1,3,1024,178,205,205
generation,sce_r1_s3,sce,neighbor,8,160,1,3,1024,160,179,179
generation,sce_r1_s3,sce,entropy,8,45,1,3,1024,45,47,47
generation,sce_r1_s3,sce,euler,16,256,1,3,1024,256,310,310
generation,sce_r1_s3,sce,neighbor,16,283,1,3,1024,283,322,322
generation,sce_r1_s3,sce,entropy,16,123,1,3,1024,123,127,127
generation,sce_r1_s3,sce,euler,32,310,1,3,1024,310,382,382
generation,sce_r1_s3,sce,neighbor,32,341,1,3,1024,341,406,406
generation,sce_r1_s3,sce,entropy,32,225,1,3,1024,225,261,261
generation,sce_r1_s3,sce,euler,64,315,1,3,1024,315,400,400
generation,sce_r1_s3,sce,neighbor,64,340,1,3,1024,340,408,408
generation,sce_r1_s3,sce,entropy,64,303,1,3,1024,303,374,374
generation,sce_r1_s3,sce,euler,128,346,1,3,1024,346,420,420
generation,sce_r1_s3,sce,neighbor,128,366,1,3,1024,366,447,447
generation,sce_r1_s3,sce,entropy,128,344,1,3,1024,344,446,446
generation,sce_r1_s3,sce,euler,256,341,1,3,1024,340,430,431
generation,sce_r1_s3,sce,neighbor,256,372,1,3,1024,372,462,462
generation,sce_r1_s3,sce,entropy,256,396,1,3,1024,396,504,504
generation,sce_r2_s0,sce,euler,8,158,2,0,1024,158,177,177
generation,sce_r2_s0,sce,neighbor,8,149,2,0,1024,149,168,168
generation,sce_r2_s0,sce,entropy,8,33,2,0,1024,33,35,35
generation,sce_r2_s0,sce,euler,16,248,2,0,1024,248,280,280
generation,sce_r2_s0,sce,neighbor,16,235,2,0,1024,235,281,281
generation,sce_r2_s0,sce,entropy,16,95,2,0,1024,95,102,102
generation,sce_r2_s0,sce,euler,32,279,2,0,1024,279,334,334
generation,sce_r2_s0,sce,neighbor,32,264,2,0,1024,264,321,321
generation,sce_r2_s0,sce,entropy,32,196,2,0,1024,196,217,218
generation,sce_r2_s0,sce,euler,64,290,2,0,1024,290,350,350
generation,sce_r2_s0,sce,neighbor,64,339,2,0,1024,339,418,418
generation,sce_r2_s0,sce,entropy,64,283,2,0,1024,283,331,331
generation,sce_r2_s0,sce,euler,128,328,2,0,1024,326,407,409
generation,sce_r2_s0,sce,neighbor,128,340,2,0,1024,340,416,416
generation,sce_r2_s0,sce,entropy,128,321,2,0,1024,321,383,383
generation,sce_r2_s0,sce,euler,256,336,2,0,1024,336,396,396
generation,sce_r2_s0,sce,neighbor,256,350,2,0,1024,349,428,429
generation,sce_r2_s0,sce,entropy,256,363,2,0,1024,363,460,460
generation,sce_r2_s1,sce,euler,8,155,2,1,1024,155,180,180
generation,sce_r2_s1,sce,neighbor,8,146,2,1,1024,146,161,161
generation,sce_r2_s1,sce,entropy,8,37,2,1,1024,37,38,38
generation,sce_r2_s1,sce,euler,16,254,2,1,1024,253,291,292
generation,sce_r2_s1,sce,neighbor,16,218,2,1,1024,218,262,262
generation,sce_r2_s1,sce,entropy,16,107,2,1,1024,107,114,114
generation,sce_r2_s1,sce,euler,32,274,2,1,1024,274,337,337
generation,sce_r2_s1,sce,neighbor,32,289,2,1,1024,289,354,354
generation,sce_r2_s1,sce,entropy,32,198,2,1,1024,198,220,220
generation,sce_r2_s1,sce,euler,64,317,2,1,1024,317,368,368
generation,sce_r2_s1,sce,neighbor,64,292,2,1,1024,292,357,357
generation,sce_r2_s1,sce,entropy,64,264,2,1,1024,264,317,318
generation,sce_r2_s1,sce,euler,128,309,2,1,1024,309,364,364
generation,sce_r2_s1,sce,neighbor,128,325,2,1,1024,324,391,392
generation,sce_r2_s1,sce,entropy,128,325,2,1,1024,325,386,386
generation,sce_r2_s1,sce,euler,256,313,2,1,1024,313,379,379
generation,sce_r2_s1,sce,neighbor,256,331,2,1,1024,331,420,420
generation,sce_r2_s1,sce,entropy,256,370,2,1,1024,370,451,451
generation,sce_r2_s2,sce,euler,8,201,2,2,1024,201,227,227
generation,sce_r2_s2,sce,neighbor,8,177,2,2,1024,177,205,205
generation,sce_r2_s2,sce,entropy,8,50,2,2,1024,50,50,50
generation,sce_r2_s2,sce,euler,16,231,2,2,1024,231,270,270
generation,sce_r2_s2,sce,neighbor,16,243,2,2,1024,243,286,286
generation,sce_r2_s2,sce,entropy,16,99,2,2,1024,99,105,105
generation,sce_r2_s2,sce,euler,32,275,2,2,1024,275,331,331
generation,sce_r2_s2,sce,neighbor,32,316,2,2,1024,316,363,363
generation,sce_r2_s2,sce,entropy,32,202,2,2,1024,202,235,235
generation,sce_r2_s2,sce,euler,64,315,2,2,1024,315,379,379
generation,sce_r2_s2,sce,neighbor,64,335,2,2,1024,335,392,393
generation,sce_r2_s2,sce,entropy,64,293,2,2,1024,293,339,339
generation,sce_r2_s2,sce,euler,128,334,2,2,1024,334,403,403
generation,sce_r2_s2,sce,neighbor,128,354,2,2,1024,354,421,422
generation,sce_r2_s2,sce,entropy,128,328,2,2,1024,328,401,401
generation,sce_r2_s2,sce,euler,256,336,2,2,1024,336,389,389
generation,sce_r2_s2,sce,neighbor,256,351,2,2,1024,350,443,445
generation,sce_r2_s2,sce,entropy,256,373,2,2,1024,373,469,469
generation,sce_r2_s3,sce,euler,8,155,2,3,1024,155,179,179
generation,sce_r2_s3,sce,neighbor,8,131,2,3,1024,131,151,151
generation,sce_r2_s3,sce,entropy,8,38,2,3,1024,38,39,39
generation,sce_r2_s3,sce,euler,16,261,2,3,1024,261,310,310
generation,sce_r2_s3,sce,neighbor,16,247,2,3,1024,247,280,280
generation,sce_r2_s3,sce,entropy,16,100,2,3,1024,100,110,110
generation,sce_r2_s3,sce,euler,32,316,2,3,1024,316,376,376
generation,sce_r2_s3,sce,neighbor,32,309,2,3,1024,308,372,373
generation,sce_r2_s3,sce,entropy,32,206,2,3,1024,206,239,239
generation,sce_r2_s3,sce,euler,64,321,2,3,1024,321,392,392
generation,sce_r2_s3,sce,neighbor,64,328,2,3,1024,328,388,388
generation,sce_r2_s3,sce,entropy,64,306,2,3,1024,306,349,349
generation,sce_r2_s3,sce,euler,128,332,2,3,1024,332,403,403
generation,sce_r2_s3,sce,neighbor,128,334,2,3,1024,334,409,410
generation,sce_r2_s3,sce,entropy,128,330,2,3,1024,330,399,399
generation,sce_r2_s3,sce,euler,256,331,2,3,1024,331,408,408
generation,sce_r2_s3,sce,neighbor,256,351,2,3,1024,351,433,433
generation,sce_r2_s3,sce,entropy,256,357,2,3,1024,357,456,456
generation,sce_r3_s0,sce,euler,8,164,3,0,1024,164,186,186
generation,sce_r3_s0,sce,neighbor,8,158,3,0,1024,158,178,178
generation,sce_r3_s0,sce,entropy,8,36,3,0,1024,36,37,37
generation,sce_r3_s0,sce,euler,16,234,3,0,1024,234,274,274
generation,sce_r3_s0,sce,neighbor,16,247,3,0,1024,247,285,285
generation,sce_r3_s0,sce,entropy,16,104,3,0,1024,104,110,110
generation,sce_r3_s0,sce,euler,32,301,3,0,1024,301,353,353
generation,sce_r3_s0,sce,neighbor,32,290,3,0,1024,290,341,341
generation,sce_r3_s0,sce,entropy,32,203,3,0,1024,203,221,221
generation,sce_r3_s0,sce,euler,64,309,3,0,1024,309,371,372
generation,sce_r3_s0,sce,neighbor,64,327,3,0,1024,327,411,411
generation,sce_r3_s0,sce,entropy,64,289,3,0,1024,289,332,332
generation,sce_r3_s0,sce,euler,128,340,3,0,1024,340,408,408
generation,sce_r3_s0,sce,neighbor,128,332,3,0,1024,332,408,408
generation,sce_r3_s0,sce,entropy,128,332,3,0,1024,332,392,392
generation,sce_r3_s0,sce,euler,256,338,3,0,1024,338,397,398
generation,sce_r3_s0,sce,neighbor,256,330,3,0,1024,329,412,413
generation,sce_r3_s0,sce,entropy,256,341,3,0,1024,341,419,419
generation,sce_r3_s1,sce,euler,8,155,3,1,1024,155,181,181
generation,sce_r3_s1,sce,neighbor,8,184,3,1,1024,184,199,199
generation,sce_r3_s1,sce,entropy,8,37,3,1,1024,37,41,41
generation,sce_r3_s1,sce,euler,16,272,3,1,1024,272,312,312
generation,sce_r3_s1,sce,neighbor,16,239,3,1,1024,239,270,270
generation,sce_r3_s1,sce,entropy,16,88,3,1,1024,88,96,96
generation,sce_r3_s1,sce,euler,32,296,3,1,1024,296,360,360
generation,sce_r3_s1,sce,neighbor,32,280,3,1,1024,280,337,337
generation,sce_r3_s1,sce,entropy,32,208,3,1,1024,208,240,240
generation,sce_r3_s1,sce,euler,64,337,3,1,1024,337,399,399
generation,sce_r3_s1,sce,neighbor,64,314,3,1,1024,314,383,383
generation,sce_r3_s1,sce,entropy,64,280,3,1,1024,280,334,334
generation,sce_r3_s1,sce,euler,128,315,3,1,1024,315,379,379
generation,sce_r3_s1,sce,neighbor,128,327,3,1,1024,326,392,393
generation,sce_r3_s1,sce,entropy,128,343,3,1,1024,343,410,411
generation,sce_r3_s1,sce,euler,256,336,3,1,1024,336,407,408
generation,sce_r3_s1,sce,neighbor,256,342,3,1,1024,342,430,431
generation,sce_r3_s1,sce,entropy,256,396,3,1,1024,396,464,464
generation,sce_r3_s2,sce,euler,8,203,3,2,1024,203,221,221
generation,sce_r3_s2,sce,neighbor,8,152,3,2,1024,152,182,182
generation,sce_r3_s2,sce,entropy,8,37,3,2,1024,37,41,41
generation,sce_r3_s2,sce,euler,16,243,3,2,1024,243,283,283
generation,sce_r3_s2,sce,neighbor,16,246,3,2,1024,246,283,283
generation,sce_r3_s2,sce,entropy,16,115,3,2,1024,115,125,125
generation,sce_r3_s2,sce,euler,32,268,3,2,1024,268,315,316
generation,sce_r3_s2,sce,neighbor,32,287,3,2,1024,287,340,340
generation,sce_r3_s2,sce,entropy,32,198,3,2,1024,198,220,220
generation,sce_r3_s2,sce,euler,64,335,3,2,1024,335,400,400
generation,sce_r3_s2,sce,neighbor,64,330,3,2,1024,330,390,390
generation,sce_r3_s2,sce,entropy,64,309,3,2,1024,309,357,357
generation,sce_r3_s2,sce,euler,128,337,3,2,1024,337,402,402
generation,sce_r3_s2,sce,neighbor,128,344,3,2,1024,343,416,418
generation,sce_r3_s2,sce,entropy,128,317,3,2,1024,317,380,380
generation,sce_r3_s2,sce,euler,256,341,3,2,1024,341,395,395
generation,sce_r3_s2,sce,neighbor,256,344,3,2,1024,344,432,432
generation,sce_r3_s2,sce,entropy,256,342,3,2,1024,342,427,427
generation,sce_r3_s3,sce,euler,8,180,3,3,1024,180,204,204
generation,sce_r3_s3,sce,neighbor,8,130,3,3,1024,130,151,151
generation,sce_r3_s3,sce,entropy,8,44,3,3,1024,44,46,46
generation,sce_r3_s3,sce,euler,16,255,3,3,1024,255,312,312
generation,sce_r3_s3,sce,neighbor,16,250,3,3,1024,250,284,284
generation,sce_r3_s3,sce,entropy,16,109,3,3,1024,109,118,118
generation,sce_r3_s3,sce,euler,32,312,3,3,1024,312,381,381
generation,sce_r3_s3,sce,neighbor,32,315,3,3,1024,314,376,377
generation,sce_r3_s3,sce,entropy,32,210,3,3,1024,210,243,243
generation,sce_r3_s3,sce,euler,64,310,3,3,1024,310,388,388
generation,sce_r3_s3,sce,neighbor,64,349,3,3,1024,349,406,406
generation,sce_r3_s3,sce,entropy,64,303,3,3,1024,303,356,356
generation,sce_r3_s3,sce,euler,128,331,3,3,1024,330,404,405
generation,sce_r3_s3,sce,neighbor,128,333,3,3,1024,333,419,419
generation,sce_r3_s3,sce,entropy,128,334,3,3,1024,334,419,419
generation,sce_r3_s3,sce,euler,256,330,3,3,1024,330,409,409
generation,sce_r3_s3,sce,neighbor,256,329,3,3,1024,329,416,416
generation,sce_r3_s3,sce,entropy,256,348,3,3,1024,348,443,443
