count,entropy,label,neighbors,nll,t
21727,1.2083059549331665,ce_r0_s0,0,1.2043870687484741,0.25
7151,1.0757362842559814,ce_r0_s0,1,1.0654226541519165,0.25
838,0.8288992047309875,ce_r0_s0,2,0.818387508392334,0.25
40,0.641807496547699,ce_r0_s0,3,0.6102825403213501,0.25
7038,1.0684154033660889,ce_r0_s0,0,1.0324620008468628,0.5
10211,0.822730541229248,ce_r0_s0,1,0.8000745177268982,0.5
5264,0.5977461934089661,ce_r0_s0,2,0.5784862041473389,0.5
1162,0.4154397249221802,ce_r0_s0,3,0.37364661693573,0.5
88,0.2729630470275879,ce_r0_s0,4,0.29324570298194885,0.5
523,0.7176313996315002,ce_r0_s0,0,0.6603206992149353,0.75
2763,0.6011532545089722,ce_r0_s0,1,0.5627562403678894,0.75
5042,0.4492361843585968,ce_r0_s0,2,0.41894933581352234,0.75
4186,0.34091445803642273,ce_r0_s0,3,0.2984241247177124,0.75
1333,0.25067275762557983,ce_r0_s0,4,0.20744116604328156,0.75
21423,1.2138714790344238,ce_r0_s1,0,1.2055165767669678,0.25
7358,1.0390530824661255,ce_r0_s1,1,1.0279639959335327,0.25
867,0.8177657723426819,ce_r0_s1,2,0.8367524147033691,0.25
39,0.8897241353988647,ce_r0_s1,3,0.9103452563285828,0.25
3,0.24781492352485657,ce_r0_s1,4,2.6500420570373535,0.25
7271,1.056894063949585,ce_r0_s1,0,1.0436162948608398,0.5
10019,0.8008422255516052,ce_r0_s1,1,0.7703863382339478,0.5
5247,0.5954983234405518,ce_r0_s1,2,0.5602438449859619,0.5
1139,0.4455975294113159,ce_r0_s1,3,0.424570232629776,0.5
89,0.20400872826576233,ce_r0_s1,4,0.15461435914039612,0.5
598,0.7301104068756104,ce_r0_s1,0,0.6952679753303528,0.75
2795,0.6029472947120667,ce_r0_s1,1,0.5691243410110474,0.75
4888,0.45116299390792847,ce_r0_s1,2,0.4289831519126892,0.75
4268,0.3272894024848938,ce_r0_s1,3,0.3119809925556183,0.75
1258,0.23163165152072906,ce_r0_s1,4,0.20549188554286957,0.75
21814,1.2056913375854492,ce_r0_s2,0,1.2173089981079102,0.25
7127,1.0710054636001587,ce_r0_s2,1,1.0501447916030884,0.25
826,0.8100948333740234,ce_r0_s2,2,0.7899420261383057,0.25
26,0.5519343614578247,ce_r0_s2,3,0.3646448254585266,0.25
7341,1.02717125415802,ce_r0_s2,0,1.024463415145874,0.5
9985,0.8049371838569641,ce_r0_s2,1,0.7866541743278503,0.5
5196,0.5988380312919617,ce_r0_s2,2,0.5593801140785217,0.5
1172,0.457208514213562,ce_r0_s2,3,0.4481540620326996,0.5
86,0.42006054520606995,ce_r0_s2,4,0.38061442971229553,0.5
619,0.8260676860809326,ce_r0_s2,0,0.8083663582801819,0.75
2767,0.5838843584060669,ce_r0_s2,1,0.5626389384269714,0.75
5037,0.45611944794654846,ce_r0_s2,2,0.41925573348999023,0.75
4182,0.32142266631126404,ce_r0_s2,3,0.29595500230789185,0.75
1306,0.24041491746902466,ce_r0_s2,4,0.2210402935743332,0.75
21754,1.190312385559082,ce_r0_s3,0,1.1904687881469727,0.25
7149,1.061009168624878,ce_r0_s3,1,1.033782958984375,0.25
827,0.8587992191314697,ce_r0_s3,2,0.8054697513580322,0.25
43,0.6060276627540588,ce_r0_s3,3,0.482580304145813,0.25
7304,1.0452765226364136,ce_r0_s3,0,1.0206021070480347,0.5
10025,0.8171250820159912,ce_r0_s3,1,0.7947591543197632,0.5
5129,0.6092343926429749,ce_r0_s3,2,0.5768114924430847,0.5
1148,0.42635560035705566,ce_r0_s3,3,0.41023293137550354,0.5
112,0.24762439727783203,ce_r0_s3,4,0.24576163291931152,0.5
612,0.7447453737258911,ce_r0_s3,0,0.6665238738059998,0.75
2946,0.585234522819519,ce_r0_s3,1,0.554266631603241,0.75
5029,0.4369589686393738,ce_r0_s3,2,0.3983483910560608,0.75
4121,0.33234313130378723,ce_r0_s3,3,0.2954169511795044,0.75
1280,0.24588100612163544,ce_r0_s3,4,0.2057473510503769,0.75
21727,1.2107614278793335,sce_r1_s0,0,1.2068225145339966,0.25
7151,1.0783485174179077,sce_r1_s0,1,1.0686498880386353,0.25
838,0.8242962956428528,sce_r1_s0,2,0.817609965801239,0.25
40,0.6249496340751648,sce_r1_s0,3,0.6138186454772949,0.25
7038,1.0821152925491333,sce_r1_s0,0,1.0458039045333862,0.5
10211,0.8343682885169983,sce_r1_s0,1,0.8107008934020996,0.5
5264,0.6023555994033813,sce_r1_s0,2,0.5824602246284485,0.5
1162,0.40918615460395813,sce_r1_s0,3,0.37772420048713684,0.5
88,0.26961055397987366,sce_r1_s0,4,0.28612464666366577,0.5
523,0.7499561905860901,sce_r1_s0,0,0.6960374116897583,0.75
2763,0.6254649758338928,sce_r1_s0,1,0.5937203168869019,0.75
5042,0.4615488648414612,sce_r1_s0,2,0.432725727558136,0.75
4186,0.34275051951408386,sce_r1_s0,3,0.3049190044403076,0.75
1333,0.23934714496135712,sce_r1_s0,4,0.21152044832706451,0.75
21423,1.2161483764648438,sce_r1_s1,0,1.2076547145843506,0.25
7358,1.043410062789917,sce_r1_s1,1,1.0298335552215576,0.25
867,0.8181006908416748,sce_r1_s1,2,0.8417306542396545,0.25
39,0.8677345514297485,sce_r1_s1,3,0.9006782174110413,0.25
3,0.23399905860424042,sce_r1_s1,4,2.743938446044922,0.25
7271,1.0700101852416992,sce_r1_s1,0,1.057560920715332,0.5
10019,0.8141120672225952,sce_r1_s1,1,0.7850248217582703,0.5
5247,0.6017311215400696,sce_r1_s1,2,0.5667306780815125,0.5
1139,0.4443969130516052,sce_r1_s1,3,0.4285481870174408,0.5
89,0.203407883644104,sce_r1_s1,4,0.1513661891222,0.5
598,0.7633723020553589,sce_r1_s1,0,0.7410653829574585,0.75
2795,0.6293482780456543,sce_r1_s1,1,0.5912766456604004,0.75
4888,0.4663114547729492,sce_r1_s1,2,0.4423735737800598,0.75
4268,0.33223655819892883,sce_r1_s1,3,0.31353214383125305,0.75
1258,0.2313368022441864,sce_r1_s1,4,0.200352281332016,0.75
21814,1.2066774368286133,sce_r1_s2,0,1.2195905447006226,0.25
7127,1.0728031396865845,sce_r1_s2,1,1.0530133247375488,0.25
826,0.8059988021850586,sce_r1_s2,2,0.7866011261940002,0.25
26,0.5300148725509644,sce_r1_s2,3,0.3484359681606293,0.25
7341,1.0396223068237305,sce_r1_s2,0,1.0349006652832031,0.5
9985,0.8143990635871887,sce_r1_s2,1,0.7975752353668213,0.5
5196,0.5997846126556396,sce_r1_s2,2,0.5637447237968445,0.5
1172,0.449083536863327,sce_r1_s2,3,0.4509021043777466,0.5
86,0.39527058601379395,sce_r1_s2,4,0.36052629351615906,0.5
619,0.8500579595565796,sce_r1_s2,0,0.8254754543304443,0.75
2767,0.605446994304657,sce_r1_s2,1,0.5840693116188049,0.75
5037,0.4674180746078491,sce_r1_s2,2,0.4323888123035431,0.75
4182,0.32646167278289795,sce_r1_s2,3,0.29926154017448425,0.75
1306,0.23720437288284302,sce_r1_s2,4,0.21232734620571136,0.75
21754,1.1916792392730713,sce_r1_s3,0,1.1930394172668457,0.25
7149,1.0627951622009277,sce_r1_s3,1,1.0379135608673096,0.25
827,0.8579583168029785,sce_r1_s3,2,0.804617702960968,0.25
43,0.610650360584259,sce_r1_s3,3,0.500149130821228,0.25
7304,1.0576751232147217,sce_r1_s3,0,1.03358793258667,0.5
10025,0.8273895382881165,sce_r1_s3,1,0.8038800358772278,0.5
5129,0.6143640279769897,sce_r1_s3,2,0.5826628804206848,0.5
1148,0.42115652561187744,sce_r1_s3,3,0.4091298282146454,0.5
112,0.24925760924816132,sce_r1_s3,4,0.2599785327911377,0.5
612,0.7786656022071838,sce_r1_s3,0,0.6915483474731445,0.75
2946,0.6128787398338318,sce_r1_s3,1,0.5787153840065002,0.75
5029,0.45341956615448,sce_r1_s3,2,0.4135756194591522,0.75
4121,0.33503714203834534,sce_r1_s3,3,0.2997036874294281,0.75
1280,0.24228791892528534,sce_r1_s3,4,0.1998872011899948,0.75
21727,1.210693120956421,sce_r2_s0,0,1.2079557180404663,0.25
7151,1.0786806344985962,sce_r2_s0,1,1.0694761276245117,0.25
838,0.8243858814239502,sce_r2_s0,2,0.8161057829856873,0.25
40,0.6167319416999817,sce_r2_s0,3,0.5979480743408203,0.25
7038,1.0903254747390747,sce_r2_s0,0,1.056850790977478,0.5
10211,0.8377673625946045,sce_r2_s0,1,0.8163142800331116,0.5
5264,0.6013979315757751,sce_r2_s0,2,0.5822328925132751,0.5
1162,0.40930524468421936,sce_r2_s0,3,0.3732759356498718,0.5
88,0.26942601799964905,sce_r2_s0,4,0.29154911637306213,0.5
523,0.770763635635376,sce_r2_s0,0,0.7126269936561584,0.75
2763,0.6367959976196289,sce_r2_s0,1,0.6058253645896912,0.75
5042,0.46622011065483093,sce_r2_s0,2,0.440728098154068,0.75
4186,0.3438563942909241,sce_r2_s0,3,0.30722349882125854,0.75
1333,0.2371688187122345,sce_r2_s0,4,0.2084130346775055,0.75
21423,1.2195807695388794,sce_r2_s1,0,1.210000991821289,0.25
7358,1.046980619430542,sce_r2_s1,1,1.0315877199172974,0.25
867,0.8157744407653809,sce_r2_s1,2,0.8338337540626526,0.25
39,0.8770838379859924,sce_r2_s1,3,0.8994039297103882,0.25
3,0.2319779396057129,sce_r2_s1,4,2.3602399826049805,0.25
7271,1.0808109045028687,sce_r2_s1,0,1.0678001642227173,0.5
10019,0.8216967582702637,sce_r2_s1,1,0.7926543354988098,0.5
5247,0.6031804084777832,sce_r2_s1,2,0.5689568519592285,0.5
1139,0.4451504945755005,sce_r2_s1,3,0.42296725511550903,0.5
89,0.20693759620189667,sce_r2_s1,4,0.15437732636928558,0.5
598,0.7891392707824707,sce_r2_s1,0,0.7660239338874817,0.75
2795,0.6462332010269165,sce_r2_s1,1,0.6099488139152527,0.75
4888,0.47507184743881226,sce_r2_s1,2,0.4494805932044983,0.75
4268,0.3344568908214569,sce_r2_s1,3,0.31748732924461365,0.75
1258,0.23047345876693726,sce_r2_s1,4,0.1964358240365982,0.75
21814,1.2069612741470337,sce_r2_s2,0,1.2216849327087402,0.25
7127,1.073298454284668,sce_r2_s2,1,1.0538581609725952,0.25
826,0.8028613328933716,sce_r2_s2,2,0.7800217270851135,0.25
26,0.5034287571907043,sce_r2_s2,3,0.3226182758808136,0.25
7341,1.0469814538955688,sce_r2_s2,0,1.0437090396881104,0.5
9985,0.8185269236564636,sce_r2_s2,1,0.8017407655715942,0.5
5196,0.6026343107223511,sce_r2_s2,2,0.5646554231643677,0.5
1172,0.45142245292663574,sce_r2_s2,3,0.45129913091659546,0.5
86,0.39026907086372375,sce_r2_s2,4,0.35672444105148315,0.5
619,0.8692127466201782,sce_r2_s2,0,0.8439174294471741,0.75
2767,0.6182811856269836,sce_r2_s2,1,0.5973262190818787,0.75
5037,0.4708749055862427,sce_r2_s2,2,0.43869954347610474,0.75
4182,0.3258812129497528,sce_r2_s2,3,0.2996091842651367,0.75
1306,0.23289258778095245,sce_r2_s2,4,0.2112431526184082,0.75
21754,1.192467451095581,sce_r2_s3,0,1.1955363750457764,0.25
7149,1.0654833316802979,sce_r2_s3,1,1.0392131805419922,0.25
827,0.8560798764228821,sce_r2_s3,2,0.8044707775115967,0.25
43,0.597041130065918,sce_r2_s3,3,0.4703967869281769,0.25
7304,1.0682237148284912,sce_r2_s3,0,1.0431795120239258,0.5
10025,0.8350062370300293,sce_r2_s3,1,0.8139539361000061,0.5
5129,0.6177552342414856,sce_r2_s3,2,0.5856298208236694,0.5
1148,0.4250797629356384,sce_r2_s3,3,0.4071378707885742,0.5
112,0.2554868161678314,sce_r2_s3,4,0.24683992564678192,0.5
612,0.8027472496032715,sce_r2_s3,0,0.7076717019081116,0.75
2946,0.6263121962547302,sce_r2_s3,1,0.5895639657974243,0.75
5029,0.459969162940979,sce_r2_s3,2,0.42125391960144043,0.75
4121,0.33692172169685364,sce_r2_s3,3,0.30264517664909363,0.75
1280,0.23927441239356995,sce_r2_s3,4,0.20179247856140137,0.75
21727,1.2100398540496826,sce_r3_s0,0,1.2077593803405762,0.25
7151,1.0783520936965942,sce_r3_s0,1,1.0711690187454224,0.25
838,0.8278922438621521,sce_r3_s0,2,0.8189525604248047,0.25
40,0.6154513955116272,sce_r3_s0,3,0.6108604669570923,0.25
7038,1.083062767982483,sce_r3_s0,0,1.0525270700454712,0.5
10211,0.8345103859901428,sce_r3_s0,1,0.8153636455535889,0.5
5264,0.6024936437606812,sce_r3_s0,2,0.5857774615287781,0.5
1162,0.41173654794692993,sce_r3_s0,3,0.3741234838962555,0.5
88,0.2654920220375061,sce_r3_s0,4,0.3096214830875397,0.5
523,0.7641651034355164,sce_r3_s0,0,0.6948193311691284,0.75
2763,0.6296669244766235,sce_r3_s0,1,0.5976230502128601,0.75
5042,0.46388983726501465,sce_r3_s0,2,0.44323113560676575,0.75
4186,0.3440895676612854,sce_r3_s0,3,0.3122635781764984,0.75
1333,0.24455519020557404,sce_r3_s0,4,0.2054983228445053,0.75
21423,1.2157557010650635,sce_r3_s1,0,1.209841251373291,0.25
7358,1.0451945066452026,sce_r3_s1,1,1.032809853553772,0.25
867,0.8166190981864929,sce_r3_s1,2,0.8364298343658447,0.25
39,0.8514392375946045,sce_r3_s1,3,0.9054824709892273,0.25
3,0.22639214992523193,sce_r3_s1,4,2.363912343978882,0.25
7271,1.0714020729064941,sce_r3_s1,0,1.0605705976486206,0.5
10019,0.8162367939949036,sce_r3_s1,1,0.7909533977508545,0.5
5247,0.601780354976654,sce_r3_s1,2,0.5713187456130981,0.5
1139,0.4498654007911682,sce_r3_s1,3,0.42718979716300964,0.5
89,0.20670446753501892,sce_r3_s1,4,0.14826452732086182,0.5
598,0.7682779431343079,sce_r3_s1,0,0.7688419818878174,0.75
2795,0.6326908469200134,sce_r3_s1,1,0.6062753200531006,0.75
4888,0.4722222089767456,sce_r3_s1,2,0.4495008587837219,0.75
4268,0.3337143361568451,sce_r3_s1,3,0.3208727538585663,0.75
1258,0.23274381458759308,sce_r3_s1,4,0.20106081664562225,0.75
21814,1.2040904760360718,sce_r3_s2,0,1.2208932638168335,0.25
7127,1.0734660625457764,sce_r3_s2,1,1.0534719228744507,0.25
826,0.8085588812828064,sce_r3_s2,2,0.7894840240478516,0.25
26,0.5189101099967957,sce_r3_s2,3,0.3386492431163788,0.25
7341,1.038366675376892,sce_r3_s2,0,1.039521336555481,0.5
9985,0.8176841139793396,sce_r3_s2,1,0.800911009311676,0.5
5196,0.6044586896896362,sce_r3_s2,2,0.5687475800514221,0.5
1172,0.4538453221321106,sce_r3_s2,3,0.4550737738609314,0.5
86,0.4138221740722656,sce_r3_s2,4,0.35195088386535645,0.5
619,0.8552480936050415,sce_r3_s2,0,0.8462293148040771,0.75
2767,0.6126387119293213,sce_r3_s2,1,0.5954177379608154,0.75
5037,0.472006231546402,sce_r3_s2,2,0.43970271944999695,0.75
4182,0.32892337441444397,sce_r3_s2,3,0.3020767867565155,0.75
1306,0.23838019371032715,sce_r3_s2,4,0.2196080982685089,0.75
21754,1.1914891004562378,sce_r3_s3,0,1.1944540739059448,0.25
7149,1.0650384426116943,sce_r3_s3,1,1.0397419929504395,0.25
827,0.8597676753997803,sce_r3_s3,2,0.8094939589500427,0.25
43,0.6000853180885315,sce_r3_s3,3,0.4794433116912842,0.25
7304,1.0602067708969116,sce_r3_s3,0,1.0407142639160156,0.5
10025,0.8294656872749329,sce_r3_s3,1,0.8140367865562439,0.5
5129,0.6159467697143555,sce_r3_s3,2,0.5869898200035095,0.5
1148,0.42641958594322205,sce_r3_s3,3,0.4118075966835022,0.5
112,0.25471019744873047,sce_r3_s3,4,0.2868792712688446,0.5
612,0.7874764800071716,sce_r3_s3,0,0.7012159824371338,0.75
2946,0.6168040037155151,sce_r3_s3,1,0.5820406079292297,0.75
5029,0.4552617073059082,sce_r3_s3,2,0.41795286536216736,0.75
4121,0.3364463150501251,sce_r3_s3,3,0.30566102266311646,0.75
1280,0.24368472397327423,sce_r3_s3,4,0.20506882667541504,0.75
