elapsed_seconds,kind,label,loss,lr,step
21.47247338294983,training,ce_r0_s0,4.024473667144775,3.0000000000000004e-08,1
30.861953735351562,training,ce_r0_s0,1.3077620267868042,1.5e-05,500
40.05951428413391,training,ce_r0_s0,1.2084945440292358,3e-05,1000
49.169758796691895,training,ce_r0_s0,1.1444371938705444,2.9968205010093264e-05,1500
58.291744232177734,training,ce_r0_s0,1.091386318206787,2.9872956191401087e-05,2000
67.39065957069397,training,ce_r0_s0,1.062856912612915,2.971466141398797e-05,2500
76.39808416366577,training,ce_r0_s0,1.0370478630065918,2.9493998520392662e-05,3000
85.44485425949097,training,ce_r0_s0,1.0085389614105225,2.921191242300232e-05,3500
94.55273914337158,training,ce_r0_s0,1.0288935899734497,2.8869611057792606e-05,4000
103.6655342578888,training,ce_r0_s0,1.014741063117981,2.846856021176042e-05,4500
112.77241539955139,training,ce_r0_s0,0.9916145205497742,2.8010477246198918e-05,5000
121.86778712272644,training,ce_r0_s0,1.0250169038772583,2.74973237426928e-05,5500
130.949214220047,training,ce_r0_s0,0.9783985018730164,2.6931297103324846e-05,6000
139.96686124801636,training,ce_r0_s0,1.012944221496582,2.6314821141062815e-05,6500
149.03995370864868,training,ce_r0_s0,1.0254184007644653,2.565053570062023e-05,7000
158.1222095489502,training,ce_r0_s0,0.968751072883606,2.4941285354236023e-05,7500
167.19483065605164,training,ce_r0_s0,0.9556639194488525,2.4190107220779503e-05,8000
176.19762992858887,training,ce_r0_s0,0.9773904085159302,2.3400217960341093e-05,8500
185.28194880485535,training,ce_r0_s0,0.9531183838844299,2.2575e-05,9000
194.31580352783203,training,ce_r0_s0,0.9841203093528748,2.171798704975217e-05,9500
203.4227488040924,training,ce_r0_s0,0.9744763970375061,2.0832848970621583e-05,10000
212.57076954841614,training,ce_r0_s0,1.0033077001571655,1.992337605975195e-05,10500
221.65194749832153,training,ce_r0_s0,0.9675740003585815,1.8993462819772435e-05,11000
230.7795910835266,training,ce_r0_s0,0.9667379856109619,1.8047091281939508e-05,11500
239.81988167762756,training,ce_r0_s0,0.9604665637016296,1.708831395446777e-05,12000
248.91875219345093,training,ce_r0_s0,0.9687759876251221,1.6121236469067628e-05,12500
258.1680133342743,training,ce_r0_s0,0.9662214517593384,1.515e-05,13000
267.18482542037964,training,ce_r0_s0,0.9747686982154846,1.4178763530932375e-05,13500
276.24186611175537,training,ce_r0_s0,0.9483422636985779,1.3211686045532237e-05,14000
285.3501133918762,training,ce_r0_s0,0.9655640721321106,1.2252908718060498e-05,14500
294.37817430496216,training,ce_r0_s0,0.9742628931999207,1.1306537180227566e-05,15000
303.3999066352844,training,ce_r0_s0,0.9768505096435547,1.0376623940248055e-05,15500
312.55199456214905,training,ce_r0_s0,0.9553035497665405,9.467151029378419e-06,16000
321.5667896270752,training,ce_r0_s0,0.9613338708877563,8.582012950247835e-06,16500
330.68713116645813,training,ce_r0_s0,0.9428838491439819,7.725000000000003e-06,17000
339.7510190010071,training,ce_r0_s0,0.9798175692558289,6.899782039658911e-06,17500
348.78613352775574,training,ce_r0_s0,0.9569210410118103,6.109892779220499e-06,18000
357.8172564506531,training,ce_r0_s0,0.9648424983024597,5.3587146457639785e-06,18500
366.8666214942932,training,ce_r0_s0,0.9566324949264526,4.649464299379771e-06,19000
375.9287257194519,training,ce_r0_s0,0.9700543284416199,3.9851788589371875e-06,19500
384.9530920982361,training,ce_r0_s0,0.9508746266365051,3.3687028966751593e-06,20000
394.09739089012146,training,ce_r0_s0,0.9651021957397461,2.8026762573072015e-06,20500
403.1739912033081,training,ce_r0_s0,0.9360446333885193,2.2895227538010853e-06,21000
412.20513010025024,training,ce_r0_s0,0.9309685230255127,1.8314397882395793e-06,21500
421.2625036239624,training,ce_r0_s0,0.9428871870040894,1.4303889422073918e-06,22000
430.2745189666748,training,ce_r0_s0,0.9350622892379761,1.0880875769976822e-06,22500
439.4741282463074,training,ce_r0_s0,0.9484944343566895,8.060014796073372e-07,23000
448.50903701782227,training,ce_r0_s0,0.9539188742637634,5.85338586012028e-07,23500
457.6261854171753,training,ce_r0_s0,0.9670231938362122,4.270438085989158e-07,24000
466.6418890953064,training,ce_r0_s0,0.9351387619972229,3.317949899067383e-07,24500
475.8192536830902,training,ce_r0_s0,0.9447836875915527,3e-07,25000
21.285234689712524,training,ce_r0_s1,4.142788887023926,3.0000000000000004e-08,1
30.667200565338135,training,ce_r0_s1,1.2974786758422852,1.5e-05,500
39.93089175224304,training,ce_r0_s1,1.1872214078903198,3e-05,1000
49.10643744468689,training,ce_r0_s1,1.154732346534729,2.9968205010093264e-05,1500
58.33011865615845,training,ce_r0_s1,1.1234623193740845,2.9872956191401087e-05,2000
67.42455434799194,training,ce_r0_s1,1.0372793674468994,2.971466141398797e-05,2500
76.43899440765381,training,ce_r0_s1,1.084960699081421,2.9493998520392662e-05,3000
85.4778401851654,training,ce_r0_s1,1.0334606170654297,2.921191242300232e-05,3500
94.54365944862366,training,ce_r0_s1,1.0265380144119263,2.8869611057792606e-05,4000
103.75814032554626,training,ce_r0_s1,1.009612798690796,2.846856021176042e-05,4500
112.76298308372498,training,ce_r0_s1,1.000035047531128,2.8010477246198918e-05,5000
121.77171969413757,training,ce_r0_s1,1.005415916442871,2.74973237426928e-05,5500
130.97945594787598,training,ce_r0_s1,1.0417555570602417,2.6931297103324846e-05,6000
140.03777265548706,training,ce_r0_s1,1.0205837488174438,2.6314821141062815e-05,6500
149.13466835021973,training,ce_r0_s1,0.9719945192337036,2.565053570062023e-05,7000
158.22970509529114,training,ce_r0_s1,0.9958328008651733,2.4941285354236023e-05,7500
167.2934546470642,training,ce_r0_s1,0.9270756840705872,2.4190107220779503e-05,8000
176.3150818347931,training,ce_r0_s1,0.9801824688911438,2.3400217960341093e-05,8500
185.38085961341858,training,ce_r0_s1,0.9844964146614075,2.2575e-05,9000
194.43272614479065,training,ce_r0_s1,0.9887597560882568,2.171798704975217e-05,9500
203.45904755592346,training,ce_r0_s1,0.9517682194709778,2.0832848970621583e-05,10000
212.5375370979309,training,ce_r0_s1,0.9966604709625244,1.992337605975195e-05,10500
221.69632935523987,training,ce_r0_s1,0.9549641013145447,1.8993462819772435e-05,11000
230.70737099647522,training,ce_r0_s1,1.0145635604858398,1.8047091281939508e-05,11500
239.77948570251465,training,ce_r0_s1,1.0013777017593384,1.708831395446777e-05,12000
248.82765936851501,training,ce_r0_s1,0.9693412184715271,1.6121236469067628e-05,12500
257.88764119148254,training,ce_r0_s1,0.954799473285675,1.515e-05,13000
266.9648413658142,training,ce_r0_s1,0.9374049305915833,1.4178763530932375e-05,13500
276.05166888237,training,ce_r0_s1,0.9891332983970642,1.3211686045532237e-05,14000
285.1548693180084,training,ce_r0_s1,0.9511412382125854,1.2252908718060498e-05,14500
294.21093678474426,training,ce_r0_s1,0.9251441955566406,1.1306537180227566e-05,15000
303.24802112579346,training,ce_r0_s1,0.964059054851532,1.0376623940248055e-05,15500
312.3629162311554,training,ce_r0_s1,0.9521773457527161,9.467151029378419e-06,16000
321.4460117816925,training,ce_r0_s1,0.9147928357124329,8.582012950247835e-06,16500
330.53279972076416,training,ce_r0_s1,0.9380816221237183,7.725000000000003e-06,17000
339.5681757926941,training,ce_r0_s1,0.9230197668075562,6.899782039658911e-06,17500
348.5906662940979,training,ce_r0_s1,0.9680352807044983,6.109892779220499e-06,18000
357.7482740879059,training,ce_r0_s1,0.9579832553863525,5.3587146457639785e-06,18500
366.7937216758728,training,ce_r0_s1,0.9814900159835815,4.649464299379771e-06,19000
375.89698553085327,training,ce_r0_s1,0.9768314361572266,3.9851788589371875e-06,19500
384.9140131473541,training,ce_r0_s1,0.9420377016067505,3.3687028966751593e-06,20000
393.9634847640991,training,ce_r0_s1,0.9695130586624146,2.8026762573072015e-06,20500
403.00240683555603,training,ce_r0_s1,0.9889410138130188,2.2895227538010853e-06,21000
412.0887806415558,training,ce_r0_s1,0.9720897078514099,1.8314397882395793e-06,21500
421.1668152809143,training,ce_r0_s1,0.9345666766166687,1.4303889422073918e-06,22000
430.2380335330963,training,ce_r0_s1,0.9490224123001099,1.0880875769976822e-06,22500
439.30749106407166,training,ce_r0_s1,0.9448895454406738,8.060014796073372e-07,23000
448.4068446159363,training,ce_r0_s1,0.9752326607704163,5.85338586012028e-07,23500
457.4990065097809,training,ce_r0_s1,0.9541625380516052,4.270438085989158e-07,24000
466.508850812912,training,ce_r0_s1,0.9655078053474426,3.317949899067383e-07,24500
475.59185576438904,training,ce_r0_s1,0.9803161025047302,3e-07,25000
21.40734887123108,training,ce_r0_s2,3.855590581893921,3.0000000000000004e-08,1
30.790335416793823,training,ce_r0_s2,1.2964756488800049,1.5e-05,500
40.280935287475586,training,ce_r0_s2,1.2067075967788696,3e-05,1000
49.402793407440186,training,ce_r0_s2,1.1360187530517578,2.9968205010093264e-05,1500
58.54104781150818,training,ce_r0_s2,1.072035312652588,2.9872956191401087e-05,2000
67.6988890171051,training,ce_r0_s2,1.0460913181304932,2.971466141398797e-05,2500
76.74199795722961,training,ce_r0_s2,1.0443390607833862,2.9493998520392662e-05,3000
85.76031637191772,training,ce_r0_s2,0.9962211847305298,2.921191242300232e-05,3500
94.89460492134094,training,ce_r0_s2,1.0214929580688477,2.8869611057792606e-05,4000
104.057288646698,training,ce_r0_s2,0.9865500330924988,2.846856021176042e-05,4500
113.21726703643799,training,ce_r0_s2,1.0216741561889648,2.8010477246198918e-05,5000
122.24220037460327,training,ce_r0_s2,0.9961651563644409,2.74973237426928e-05,5500
131.338152885437,training,ce_r0_s2,1.0088169574737549,2.6931297103324846e-05,6000
140.45778012275696,training,ce_r0_s2,1.0377466678619385,2.6314821141062815e-05,6500
149.49407935142517,training,ce_r0_s2,0.9985004663467407,2.565053570062023e-05,7000
158.52613806724548,training,ce_r0_s2,0.9649791121482849,2.4941285354236023e-05,7500
167.62837862968445,training,ce_r0_s2,1.0085285902023315,2.4190107220779503e-05,8000
176.8371078968048,training,ce_r0_s2,0.9824050068855286,2.3400217960341093e-05,8500
185.98523616790771,training,ce_r0_s2,0.9610689282417297,2.2575e-05,9000
195.12375473976135,training,ce_r0_s2,0.9925585389137268,2.171798704975217e-05,9500
204.24320816993713,training,ce_r0_s2,0.9839894771575928,2.0832848970621583e-05,10000
213.29829478263855,training,ce_r0_s2,1.0076125860214233,1.992337605975195e-05,10500
222.38119459152222,training,ce_r0_s2,0.990129292011261,1.8993462819772435e-05,11000
231.57533049583435,training,ce_r0_s2,0.9879809021949768,1.8047091281939508e-05,11500
240.67034339904785,training,ce_r0_s2,0.9684166312217712,1.708831395446777e-05,12000
249.7033393383026,training,ce_r0_s2,0.9863305687904358,1.6121236469067628e-05,12500
258.76374316215515,training,ce_r0_s2,1.000171422958374,1.515e-05,13000
267.8209476470947,training,ce_r0_s2,0.9622424840927124,1.4178763530932375e-05,13500
276.9522304534912,training,ce_r0_s2,0.9935069680213928,1.3211686045532237e-05,14000
285.99125480651855,training,ce_r0_s2,0.9686762690544128,1.2252908718060498e-05,14500
295.0412395000458,training,ce_r0_s2,0.9399248361587524,1.1306537180227566e-05,15000
304.1576597690582,training,ce_r0_s2,0.969362735748291,1.0376623940248055e-05,15500
313.2018027305603,training,ce_r0_s2,0.9748110175132751,9.467151029378419e-06,16000
322.2809193134308,training,ce_r0_s2,0.9916355013847351,8.582012950247835e-06,16500
331.2961721420288,training,ce_r0_s2,0.9502041339874268,7.725000000000003e-06,17000
340.451509475708,training,ce_r0_s2,0.9371554255485535,6.899782039658911e-06,17500
349.533216714859,training,ce_r0_s2,0.9549623727798462,6.109892779220499e-06,18000
358.620481967926,training,ce_r0_s2,0.934186577796936,5.3587146457639785e-06,18500
367.753292798996,training,ce_r0_s2,0.9460174441337585,4.649464299379771e-06,19000
376.82499289512634,training,ce_r0_s2,0.959330141544342,3.9851788589371875e-06,19500
385.91807436943054,training,ce_r0_s2,0.9770957827568054,3.3687028966751593e-06,20000
395.0192289352417,training,ce_r0_s2,0.9133251309394836,2.8026762573072015e-06,20500
404.10316491127014,training,ce_r0_s2,0.9373977184295654,2.2895227538010853e-06,21000
413.2064516544342,training,ce_r0_s2,0.9631887078285217,1.8314397882395793e-06,21500
422.37151527404785,training,ce_r0_s2,0.9272068738937378,1.4303889422073918e-06,22000
431.5252513885498,training,ce_r0_s2,0.9676918387413025,1.0880875769976822e-06,22500
440.65071201324463,training,ce_r0_s2,0.9531852602958679,8.060014796073372e-07,23000
449.70434951782227,training,ce_r0_s2,0.9376599788665771,5.85338586012028e-07,23500
458.7418806552887,training,ce_r0_s2,0.9477002620697021,4.270438085989158e-07,24000
467.774174451828,training,ce_r0_s2,0.934912919998169,3.317949899067383e-07,24500
476.79993438720703,training,ce_r0_s2,0.9768048524856567,3e-07,25000
24.076948881149292,training,ce_r0_s3,3.593540668487549,3.0000000000000004e-08,1
33.61817169189453,training,ce_r0_s3,1.3030552864074707,1.5e-05,500
42.694477796554565,training,ce_r0_s3,1.2479356527328491,3e-05,1000
51.76625418663025,training,ce_r0_s3,1.1176351308822632,2.9968205010093264e-05,1500
60.85166263580322,training,ce_r0_s3,1.061863660812378,2.9872956191401087e-05,2000
69.94955706596375,training,ce_r0_s3,1.105250358581543,2.971466141398797e-05,2500
79.11218929290771,training,ce_r0_s3,1.0345218181610107,2.9493998520392662e-05,3000
88.12726926803589,training,ce_r0_s3,1.004262924194336,2.921191242300232e-05,3500
97.13753199577332,training,ce_r0_s3,1.0439205169677734,2.8869611057792606e-05,4000
106.20435738563538,training,ce_r0_s3,1.0251823663711548,2.846856021176042e-05,4500
115.37522292137146,training,ce_r0_s3,1.0166244506835938,2.8010477246198918e-05,5000
124.41122078895569,training,ce_r0_s3,1.013177514076233,2.74973237426928e-05,5500
133.598286151886,training,ce_r0_s3,1.0027744770050049,2.6931297103324846e-05,6000
142.64685082435608,training,ce_r0_s3,0.9807260036468506,2.6314821141062815e-05,6500
151.70769453048706,training,ce_r0_s3,1.0067692995071411,2.565053570062023e-05,7000
160.85748434066772,training,ce_r0_s3,0.9855168461799622,2.4941285354236023e-05,7500
169.90046977996826,training,ce_r0_s3,1.0168083906173706,2.4190107220779503e-05,8000
179.04509115219116,training,ce_r0_s3,0.9932856559753418,2.3400217960341093e-05,8500
188.06997442245483,training,ce_r0_s3,0.9787203669548035,2.2575e-05,9000
197.1596601009369,training,ce_r0_s3,0.9079328775405884,2.171798704975217e-05,9500
206.18222284317017,training,ce_r0_s3,0.9752768278121948,2.0832848970621583e-05,10000
215.20669031143188,training,ce_r0_s3,0.964756190776825,1.992337605975195e-05,10500
224.30226588249207,training,ce_r0_s3,0.958282470703125,1.8993462819772435e-05,11000
233.40629315376282,training,ce_r0_s3,0.9637991786003113,1.8047091281939508e-05,11500
242.49949765205383,training,ce_r0_s3,0.9792149662971497,1.708831395446777e-05,12000
251.62512850761414,training,ce_r0_s3,0.967752993106842,1.6121236469067628e-05,12500
260.719247341156,training,ce_r0_s3,0.9472569823265076,1.515e-05,13000
269.74429082870483,training,ce_r0_s3,0.9408084154129028,1.4178763530932375e-05,13500
278.8174557685852,training,ce_r0_s3,0.9693875312805176,1.3211686045532237e-05,14000
287.94278359413147,training,ce_r0_s3,0.9329149127006531,1.2252908718060498e-05,14500
297.0458641052246,training,ce_r0_s3,0.9725691676139832,1.1306537180227566e-05,15000
306.07559180259705,training,ce_r0_s3,0.9442543387413025,1.0376623940248055e-05,15500
315.227112531662,training,ce_r0_s3,0.9444625973701477,9.467151029378419e-06,16000
324.2978427410126,training,ce_r0_s3,0.997343897819519,8.582012950247835e-06,16500
333.3415319919586,training,ce_r0_s3,0.9755592942237854,7.725000000000003e-06,17000
342.5412678718567,training,ce_r0_s3,0.9466040134429932,6.899782039658911e-06,17500
351.714435338974,training,ce_r0_s3,0.941501796245575,6.109892779220499e-06,18000
360.8596565723419,training,ce_r0_s3,0.9761675000190735,5.3587146457639785e-06,18500
369.90142607688904,training,ce_r0_s3,0.9758192896842957,4.649464299379771e-06,19000
378.94929361343384,training,ce_r0_s3,0.9719745516777039,3.9851788589371875e-06,19500
388.03957414627075,training,ce_r0_s3,0.946121871471405,3.3687028966751593e-06,20000
397.1453869342804,training,ce_r0_s3,0.9441819787025452,2.8026762573072015e-06,20500
406.2992558479309,training,ce_r0_s3,0.966029167175293,2.2895227538010853e-06,21000
415.42241525650024,training,ce_r0_s3,0.9663413763046265,1.8314397882395793e-06,21500
424.5133967399597,training,ce_r0_s3,0.9353591799736023,1.4303889422073918e-06,22000
433.74744868278503,training,ce_r0_s3,0.9412372708320618,1.0880875769976822e-06,22500
442.85139441490173,training,ce_r0_s3,0.9564857482910156,8.060014796073372e-07,23000
451.99625849723816,training,ce_r0_s3,0.9223510026931763,5.85338586012028e-07,23500
461.13456535339355,training,ce_r0_s3,0.98005211353302,4.270438085989158e-07,24000
470.2584705352783,training,ce_r0_s3,0.9512324929237366,3.317949899067383e-07,24500
479.28209471702576,training,ce_r0_s3,0.9185490012168884,3e-07,25000
21.67467737197876,training,sce_r1_s0,4.024796009063721,3.0000000000000004e-08,1
31.234800577163696,training,sce_r1_s0,1.2841163873672485,1.5e-05,500
40.85059452056885,training,sce_r1_s0,1.1685614585876465,3e-05,1000
50.010916233062744,training,sce_r1_s0,1.0763523578643799,2.9968205010093264e-05,1500
59.19693636894226,training,sce_r1_s0,1.0212632417678833,2.9872956191401087e-05,2000
68.328848361969,training,sce_r1_s0,0.9985163807868958,2.971466141398797e-05,2500
77.48605728149414,training,sce_r1_s0,0.9875766038894653,2.9493998520392662e-05,3000
86.69593834877014,training,sce_r1_s0,0.9443381428718567,2.921191242300232e-05,3500
95.84130001068115,training,sce_r1_s0,0.9593394994735718,2.8869611057792606e-05,4000
105.03818798065186,training,sce_r1_s0,0.9481480121612549,2.846856021176042e-05,4500
114.17137217521667,training,sce_r1_s0,0.9211029410362244,2.8010477246198918e-05,5000
123.34270715713501,training,sce_r1_s0,0.9716952443122864,2.74973237426928e-05,5500
132.506609916687,training,sce_r1_s0,0.9015250205993652,2.6931297103324846e-05,6000
141.6779899597168,training,sce_r1_s0,0.9540128707885742,2.6314821141062815e-05,6500
150.95457935333252,training,sce_r1_s0,0.9518784880638123,2.565053570062023e-05,7000
160.1663773059845,training,sce_r1_s0,0.8956568837165833,2.4941285354236023e-05,7500
169.50669956207275,training,sce_r1_s0,0.9001522064208984,2.4190107220779503e-05,8000
178.66065979003906,training,sce_r1_s0,0.9066325426101685,2.3400217960341093e-05,8500
187.82647132873535,training,sce_r1_s0,0.9024080634117126,2.2575e-05,9000
197.02542066574097,training,sce_r1_s0,0.9164771437644958,2.171798704975217e-05,9500
206.19042992591858,training,sce_r1_s0,0.9053805470466614,2.0832848970621583e-05,10000
215.29937076568604,training,sce_r1_s0,0.9454230666160583,1.992337605975195e-05,10500
224.45717024803162,training,sce_r1_s0,0.9064821004867554,1.8993462819772435e-05,11000
233.72475147247314,training,sce_r1_s0,0.8993937373161316,1.8047091281939508e-05,11500
242.9257414340973,training,sce_r1_s0,0.9047523736953735,1.708831395446777e-05,12000
252.07408571243286,training,sce_r1_s0,0.9043305516242981,1.6121236469067628e-05,12500
261.3055384159088,training,sce_r1_s0,0.8817171454429626,1.515e-05,13000
270.48794317245483,training,sce_r1_s0,0.9110101461410522,1.4178763530932375e-05,13500
279.6161859035492,training,sce_r1_s0,0.8886440992355347,1.3211686045532237e-05,14000
288.73408794403076,training,sce_r1_s0,0.9166191220283508,1.2252908718060498e-05,14500
297.90435457229614,training,sce_r1_s0,0.9212040305137634,1.1306537180227566e-05,15000
307.1260051727295,training,sce_r1_s0,0.8948710560798645,1.0376623940248055e-05,15500
316.32195949554443,training,sce_r1_s0,0.893892228603363,9.467151029378419e-06,16000
325.5178349018097,training,sce_r1_s0,0.9086541533470154,8.582012950247835e-06,16500
334.6932785511017,training,sce_r1_s0,0.8752130270004272,7.725000000000003e-06,17000
343.8799068927765,training,sce_r1_s0,0.9126871228218079,6.899782039658911e-06,17500
353.0936725139618,training,sce_r1_s0,0.9025940895080566,6.109892779220499e-06,18000
362.20295667648315,training,sce_r1_s0,0.904491126537323,5.3587146457639785e-06,18500
371.40065002441406,training,sce_r1_s0,0.8945224285125732,4.649464299379771e-06,19000
380.5108845233917,training,sce_r1_s0,0.9161217212677002,3.9851788589371875e-06,19500
389.7139115333557,training,sce_r1_s0,0.8848498463630676,3.3687028966751593e-06,20000
398.85717368125916,training,sce_r1_s0,0.9034510850906372,2.8026762573072015e-06,20500
408.01809191703796,training,sce_r1_s0,0.8753209710121155,2.2895227538010853e-06,21000
417.19740629196167,training,sce_r1_s0,0.8663027882575989,1.8314397882395793e-06,21500
426.40590023994446,training,sce_r1_s0,0.8918119072914124,1.4303889422073918e-06,22000
435.5882160663605,training,sce_r1_s0,0.8770515322685242,1.0880875769976822e-06,22500
444.71371722221375,training,sce_r1_s0,0.8792524933815002,8.060014796073372e-07,23000
453.90804982185364,training,sce_r1_s0,0.8987353444099426,5.85338586012028e-07,23500
463.1106050014496,training,sce_r1_s0,0.8901026248931885,4.270438085989158e-07,24000
472.3960452079773,training,sce_r1_s0,0.8552687764167786,3.317949899067383e-07,24500
481.6048696041107,training,sce_r1_s0,0.8803215026855469,3e-07,25000
21.67380714416504,training,sce_r1_s1,4.142796039581299,3.0000000000000004e-08,1
31.232861757278442,training,sce_r1_s1,1.291528344154358,1.5e-05,500
40.58172917366028,training,sce_r1_s1,1.14955735206604,3e-05,1000
49.736006021499634,training,sce_r1_s1,1.0562993288040161,2.9968205010093264e-05,1500
58.805588722229004,training,sce_r1_s1,1.0475609302520752,2.9872956191401087e-05,2000
67.90386176109314,training,sce_r1_s1,0.9708265066146851,2.971466141398797e-05,2500
77.10488033294678,training,sce_r1_s1,1.0177310705184937,2.9493998520392662e-05,3000
86.28409790992737,training,sce_r1_s1,0.9852784872055054,2.921191242300232e-05,3500
95.49619913101196,training,sce_r1_s1,0.9635839462280273,2.8869611057792606e-05,4000
104.67111158370972,training,sce_r1_s1,0.9533420205116272,2.846856021176042e-05,4500
113.80992650985718,training,sce_r1_s1,0.9430042505264282,2.8010477246198918e-05,5000
122.96655821800232,training,sce_r1_s1,0.9355078339576721,2.74973237426928e-05,5500
132.07254028320312,training,sce_r1_s1,0.9781529307365417,2.6931297103324846e-05,6000
141.2576129436493,training,sce_r1_s1,0.9650523066520691,2.6314821141062815e-05,6500
150.379700422287,training,sce_r1_s1,0.9203370213508606,2.565053570062023e-05,7000
159.5201301574707,training,sce_r1_s1,0.9358627200126648,2.4941285354236023e-05,7500
168.72584414482117,training,sce_r1_s1,0.872833788394928,2.4190107220779503e-05,8000
177.91345620155334,training,sce_r1_s1,0.9274981021881104,2.3400217960341093e-05,8500
187.07586026191711,training,sce_r1_s1,0.9148302674293518,2.2575e-05,9000
196.2747678756714,training,sce_r1_s1,0.9168170094490051,2.171798704975217e-05,9500
205.45734763145447,training,sce_r1_s1,0.892406702041626,2.0832848970621583e-05,10000
214.53268027305603,training,sce_r1_s1,0.9425962567329407,1.992337605975195e-05,10500
223.67736148834229,training,sce_r1_s1,0.8950624465942383,1.8993462819772435e-05,11000
232.81596612930298,training,sce_r1_s1,0.9529953598976135,1.8047091281939508e-05,11500
241.9578573703766,training,sce_r1_s1,0.9238870143890381,1.708831395446777e-05,12000
251.08446383476257,training,sce_r1_s1,0.9034749865531921,1.6121236469067628e-05,12500
260.2534816265106,training,sce_r1_s1,0.889829158782959,1.515e-05,13000
269.3859839439392,training,sce_r1_s1,0.885567307472229,1.4178763530932375e-05,13500
278.6018576622009,training,sce_r1_s1,0.9188313484191895,1.3211686045532237e-05,14000
287.8040132522583,training,sce_r1_s1,0.8867891430854797,1.2252908718060498e-05,14500
297.05342054367065,training,sce_r1_s1,0.85799640417099,1.1306537180227566e-05,15000
306.20018315315247,training,sce_r1_s1,0.9237762093544006,1.0376623940248055e-05,15500
315.3298408985138,training,sce_r1_s1,0.896977424621582,9.467151029378419e-06,16000
324.53038144111633,training,sce_r1_s1,0.8428375720977783,8.582012950247835e-06,16500
333.704558134079,training,sce_r1_s1,0.8781461715698242,7.725000000000003e-06,17000
342.8434543609619,training,sce_r1_s1,0.8608713746070862,6.899782039658911e-06,17500
352.04294323921204,training,sce_r1_s1,0.909114420413971,6.109892779220499e-06,18000
361.3212492465973,training,sce_r1_s1,0.8970184326171875,5.3587146457639785e-06,18500
370.43043327331543,training,sce_r1_s1,0.907207190990448,4.649464299379771e-06,19000
379.57446455955505,training,sce_r1_s1,0.9148666858673096,3.9851788589371875e-06,19500
388.7754912376404,training,sce_r1_s1,0.8782768249511719,3.3687028966751593e-06,20000
397.90629053115845,training,sce_r1_s1,0.9106184244155884,2.8026762573072015e-06,20500
406.9914433956146,training,sce_r1_s1,0.9329259395599365,2.2895227538010853e-06,21000
416.1665642261505,training,sce_r1_s1,0.9202715754508972,1.8314397882395793e-06,21500
425.3581666946411,training,sce_r1_s1,0.875331699848175,1.4303889422073918e-06,22000
434.55431628227234,training,sce_r1_s1,0.8939101696014404,1.0880875769976822e-06,22500
443.68306016921997,training,sce_r1_s1,0.8905960321426392,8.060014796073372e-07,23000
452.9178977012634,training,sce_r1_s1,0.9052192568778992,5.85338586012028e-07,23500
462.0740213394165,training,sce_r1_s1,0.9027626514434814,4.270438085989158e-07,24000
471.2689085006714,training,sce_r1_s1,0.8917437195777893,3.317949899067383e-07,24500
480.3581030368805,training,sce_r1_s1,0.9149539470672607,3e-07,25000
23.553877115249634,training,sce_r1_s2,3.8457589149475098,3.0000000000000004e-08,1
33.21724891662598,training,sce_r1_s2,1.28211510181427,1.5e-05,500
42.57928705215454,training,sce_r1_s2,1.1587709188461304,3e-05,1000
51.709744930267334,training,sce_r1_s2,1.0499510765075684,2.9968205010093264e-05,1500
60.88388156890869,training,sce_r1_s2,1.0057902336120605,2.9872956191401087e-05,2000
69.97416067123413,training,sce_r1_s2,0.9820284843444824,2.971466141398797e-05,2500
79.10008144378662,training,sce_r1_s2,0.9919162392616272,2.9493998520392662e-05,3000
88.43116879463196,training,sce_r1_s2,0.9426164031028748,2.921191242300232e-05,3500
97.56918358802795,training,sce_r1_s2,0.9529634118080139,2.8869611057792606e-05,4000
106.70230960845947,training,sce_r1_s2,0.9115086197853088,2.846856021176042e-05,4500
115.86456489562988,training,sce_r1_s2,0.9546308517456055,2.8010477246198918e-05,5000
125.06407761573792,training,sce_r1_s2,0.9490026831626892,2.74973237426928e-05,5500
134.26891016960144,training,sce_r1_s2,0.9585097432136536,2.6931297103324846e-05,6000
143.4381811618805,training,sce_r1_s2,0.9693728089332581,2.6314821141062815e-05,6500
152.69773244857788,training,sce_r1_s2,0.9404696822166443,2.565053570062023e-05,7000
161.98166489601135,training,sce_r1_s2,0.906255841255188,2.4941285354236023e-05,7500
171.18434619903564,training,sce_r1_s2,0.9475189447402954,2.4190107220779503e-05,8000
180.3800482749939,training,sce_r1_s2,0.9324800968170166,2.3400217960341093e-05,8500
189.55263829231262,training,sce_r1_s2,0.9010562896728516,2.2575e-05,9000
198.69209933280945,training,sce_r1_s2,0.9422093033790588,2.171798704975217e-05,9500
207.83618545532227,training,sce_r1_s2,0.9176084995269775,2.0832848970621583e-05,10000
217.14875769615173,training,sce_r1_s2,0.9412583708763123,1.992337605975195e-05,10500
226.40109658241272,training,sce_r1_s2,0.9186829924583435,1.8993462819772435e-05,11000
235.5630271434784,training,sce_r1_s2,0.9294157028198242,1.8047091281939508e-05,11500
244.73493003845215,training,sce_r1_s2,0.9100324511528015,1.708831395446777e-05,12000
253.85733032226562,training,sce_r1_s2,0.9150833487510681,1.6121236469067628e-05,12500
262.9986357688904,training,sce_r1_s2,0.9409957528114319,1.515e-05,13000
272.16086530685425,training,sce_r1_s2,0.8949283957481384,1.4178763530932375e-05,13500
281.356552362442,training,sce_r1_s2,0.934145987033844,1.3211686045532237e-05,14000
290.5811903476715,training,sce_r1_s2,0.9036355018615723,1.2252908718060498e-05,14500
299.8579020500183,training,sce_r1_s2,0.8728723526000977,1.1306537180227566e-05,15000
309.0023534297943,training,sce_r1_s2,0.9011675715446472,1.0376623940248055e-05,15500
318.1274411678314,training,sce_r1_s2,0.9201827049255371,9.467151029378419e-06,16000
327.3001070022583,training,sce_r1_s2,0.9341080188751221,8.582012950247835e-06,16500
336.4663052558899,training,sce_r1_s2,0.8906496167182922,7.725000000000003e-06,17000
345.74291706085205,training,sce_r1_s2,0.873228907585144,6.899782039658911e-06,17500
354.89961981773376,training,sce_r1_s2,0.8935892581939697,6.109892779220499e-06,18000
364.0659353733063,training,sce_r1_s2,0.8630303740501404,5.3587146457639785e-06,18500
373.27409529685974,training,sce_r1_s2,0.8825869560241699,4.649464299379771e-06,19000
382.4798626899719,training,sce_r1_s2,0.8705359697341919,3.9851788589371875e-06,19500
391.59404492378235,training,sce_r1_s2,0.9046505093574524,3.3687028966751593e-06,20000
400.78446197509766,training,sce_r1_s2,0.8530951142311096,2.8026762573072015e-06,20500
409.98816776275635,training,sce_r1_s2,0.8722414374351501,2.2895227538010853e-06,21000
419.15803027153015,training,sce_r1_s2,0.9076866507530212,1.8314397882395793e-06,21500
428.3250479698181,training,sce_r1_s2,0.8605296015739441,1.4303889422073918e-06,22000
437.4892644882202,training,sce_r1_s2,0.9013119339942932,1.0880875769976822e-06,22500
446.64975810050964,training,sce_r1_s2,0.8856143951416016,8.060014796073372e-07,23000
455.77505469322205,training,sce_r1_s2,0.8809023499488831,5.85338586012028e-07,23500
464.95998978614807,training,sce_r1_s2,0.8899065256118774,4.270438085989158e-07,24000
474.11652970314026,training,sce_r1_s2,0.8687034249305725,3.317949899067383e-07,24500
483.32328033447266,training,sce_r1_s2,0.9143449664115906,3e-07,25000
21.652798652648926,training,sce_r1_s3,3.6115500926971436,3.0000000000000004e-08,1
31.062846899032593,training,sce_r1_s3,1.3015961647033691,1.5e-05,500
40.493260622024536,training,sce_r1_s3,1.1997582912445068,3e-05,1000
49.774832248687744,training,sce_r1_s3,1.0481820106506348,2.9968205010093264e-05,1500
58.947709798812866,training,sce_r1_s3,0.9836211204528809,2.9872956191401087e-05,2000
68.03322386741638,training,sce_r1_s3,1.042186975479126,2.971466141398797e-05,2500
77.10994362831116,training,sce_r1_s3,0.9670464396476746,2.9493998520392662e-05,3000
86.22665452957153,training,sce_r1_s3,0.9342807531356812,2.921191242300232e-05,3500
95.45695400238037,training,sce_r1_s3,0.9840885996818542,2.8869611057792606e-05,4000
104.6462037563324,training,sce_r1_s3,0.9669347405433655,2.846856021176042e-05,4500
113.71584415435791,training,sce_r1_s3,0.9530649781227112,2.8010477246198918e-05,5000
122.86125802993774,training,sce_r1_s3,0.9557631015777588,2.74973237426928e-05,5500
131.9636480808258,training,sce_r1_s3,0.9417257308959961,2.6931297103324846e-05,6000
141.04784107208252,training,sce_r1_s3,0.9201706647872925,2.6314821141062815e-05,6500
150.14382100105286,training,sce_r1_s3,0.9406261444091797,2.565053570062023e-05,7000
159.24283170700073,training,sce_r1_s3,0.9245986938476562,2.4941285354236023e-05,7500
168.5442316532135,training,sce_r1_s3,0.951230525970459,2.4190107220779503e-05,8000
177.7047884464264,training,sce_r1_s3,0.9212144613265991,2.3400217960341093e-05,8500
186.82711815834045,training,sce_r1_s3,0.9221301674842834,2.2575e-05,9000
195.97796773910522,training,sce_r1_s3,0.8539857864379883,2.171798704975217e-05,9500
205.2225377559662,training,sce_r1_s3,0.920180082321167,2.0832848970621583e-05,10000
214.44561004638672,training,sce_r1_s3,0.9051080346107483,1.992337605975195e-05,10500
223.5902190208435,training,sce_r1_s3,0.8951212763786316,1.8993462819772435e-05,11000
232.78706169128418,training,sce_r1_s3,0.8997114896774292,1.8047091281939508e-05,11500
241.87952184677124,training,sce_r1_s3,0.9223940372467041,1.708831395446777e-05,12000
251.02630996704102,training,sce_r1_s3,0.9109711050987244,1.6121236469067628e-05,12500
260.28887581825256,training,sce_r1_s3,0.8881688714027405,1.515e-05,13000
269.44090270996094,training,sce_r1_s3,0.890020489692688,1.4178763530932375e-05,13500
278.5573215484619,training,sce_r1_s3,0.9049370884895325,1.3211686045532237e-05,14000
287.63653445243835,training,sce_r1_s3,0.870723307132721,1.2252908718060498e-05,14500
296.8624231815338,training,sce_r1_s3,0.9119475483894348,1.1306537180227566e-05,15000
306.05523681640625,training,sce_r1_s3,0.8846410512924194,1.0376623940248055e-05,15500
315.2145047187805,training,sce_r1_s3,0.8867468237876892,9.467151029378419e-06,16000
324.32122135162354,training,sce_r1_s3,0.9395041465759277,8.582012950247835e-06,16500
333.53990030288696,training,sce_r1_s3,0.8962801694869995,7.725000000000003e-06,17000
342.7105484008789,training,sce_r1_s3,0.8906291127204895,6.899782039658911e-06,17500
351.9282476902008,training,sce_r1_s3,0.8670501708984375,6.109892779220499e-06,18000
361.2114589214325,training,sce_r1_s3,0.9079238176345825,5.3587146457639785e-06,18500
370.34260845184326,training,sce_r1_s3,0.9191310405731201,4.649464299379771e-06,19000
379.43728160858154,training,sce_r1_s3,0.9048678278923035,3.9851788589371875e-06,19500
388.7250907421112,training,sce_r1_s3,0.8956595063209534,3.3687028966751593e-06,20000
397.8403675556183,training,sce_r1_s3,0.8870550394058228,2.8026762573072015e-06,20500
407.05016589164734,training,sce_r1_s3,0.9236048460006714,2.2895227538010853e-06,21000
416.2475965023041,training,sce_r1_s3,0.9144411087036133,1.8314397882395793e-06,21500
425.437775850296,training,sce_r1_s3,0.8804931044578552,1.4303889422073918e-06,22000
434.62606287002563,training,sce_r1_s3,0.8784213662147522,1.0880875769976822e-06,22500
443.93882942199707,training,sce_r1_s3,0.8939028978347778,8.060014796073372e-07,23000
453.05287647247314,training,sce_r1_s3,0.856433629989624,5.85338586012028e-07,23500
462.25177478790283,training,sce_r1_s3,0.9142635464668274,4.270438085989158e-07,24000
471.4203402996063,training,sce_r1_s3,0.8818860650062561,3.317949899067383e-07,24500
480.60241627693176,training,sce_r1_s3,0.8561353087425232,3e-07,25000
24.60853600502014,training,sce_r2_s0,4.024250030517578,3.0000000000000004e-08,1
34.051308393478394,training,sce_r2_s0,1.3319058418273926,1.5e-05,500
43.31849670410156,training,sce_r2_s0,1.2012550830841064,3e-05,1000
52.42872643470764,training,sce_r2_s0,1.0967661142349243,2.9968205010093264e-05,1500
61.567994356155396,training,sce_r2_s0,1.0400470495224,2.9872956191401087e-05,2000
70.67125868797302,training,sce_r2_s0,1.0133662223815918,2.971466141398797e-05,2500
79.7793083190918,training,sce_r2_s0,0.9904077649116516,2.9493998520392662e-05,3000
88.91196799278259,training,sce_r2_s0,0.9568525552749634,2.921191242300232e-05,3500
98.09643745422363,training,sce_r2_s0,0.9748815298080444,2.8869611057792606e-05,4000
107.35353088378906,training,sce_r2_s0,0.9648006558418274,2.846856021176042e-05,4500
116.51095342636108,training,sce_r2_s0,0.9245450496673584,2.8010477246198918e-05,5000
125.72473382949829,training,sce_r2_s0,0.992523729801178,2.74973237426928e-05,5500
134.92610096931458,training,sce_r2_s0,0.9183534383773804,2.6931297103324846e-05,6000
144.18308925628662,training,sce_r2_s0,0.9741621613502502,2.6314821141062815e-05,6500
153.3357002735138,training,sce_r2_s0,0.9481993317604065,2.565053570062023e-05,7000
162.48487210273743,training,sce_r2_s0,0.9010026454925537,2.4941285354236023e-05,7500
171.56791305541992,training,sce_r2_s0,0.9224641919136047,2.4190107220779503e-05,8000
180.7569453716278,training,sce_r2_s0,0.9227901101112366,2.3400217960341093e-05,8500
189.83750557899475,training,sce_r2_s0,0.9206610918045044,2.2575e-05,9000
198.98792457580566,training,sce_r2_s0,0.9226592183113098,2.171798704975217e-05,9500
208.15172219276428,training,sce_r2_s0,0.9207243323326111,2.0832848970621583e-05,10000
217.29364824295044,training,sce_r2_s0,0.9597523212432861,1.992337605975195e-05,10500
226.39651536941528,training,sce_r2_s0,0.9153353571891785,1.8993462819772435e-05,11000
235.59762048721313,training,sce_r2_s0,0.9118087887763977,1.8047091281939508e-05,11500
244.77157592773438,training,sce_r2_s0,0.9173694849014282,1.708831395446777e-05,12000
253.84465909004211,training,sce_r2_s0,0.9124886393547058,1.6121236469067628e-05,12500
262.9648859500885,training,sce_r2_s0,0.8877342343330383,1.515e-05,13000
272.092401266098,training,sce_r2_s0,0.9207230806350708,1.4178763530932375e-05,13500
281.20537638664246,training,sce_r2_s0,0.9045833945274353,1.3211686045532237e-05,14000
290.34795928001404,training,sce_r2_s0,0.9232086539268494,1.2252908718060498e-05,14500
299.51967453956604,training,sce_r2_s0,0.9362630248069763,1.1306537180227566e-05,15000
308.6270544528961,training,sce_r2_s0,0.9037004113197327,1.0376623940248055e-05,15500
317.75311064720154,training,sce_r2_s0,0.9163179993629456,9.467151029378419e-06,16000
326.93477511405945,training,sce_r2_s0,0.9290485382080078,8.582012950247835e-06,16500
336.0136570930481,training,sce_r2_s0,0.8882073163986206,7.725000000000003e-06,17000
345.16603088378906,training,sce_r2_s0,0.9103713631629944,6.899782039658911e-06,17500
354.2402548789978,training,sce_r2_s0,0.9167168736457825,6.109892779220499e-06,18000
363.40892934799194,training,sce_r2_s0,0.9263795018196106,5.3587146457639785e-06,18500
372.5739748477936,training,sce_r2_s0,0.9118661880493164,4.649464299379771e-06,19000
381.77126908302307,training,sce_r2_s0,0.9315223693847656,3.9851788589371875e-06,19500
390.9118013381958,training,sce_r2_s0,0.8936104774475098,3.3687028966751593e-06,20000
400.04427003860474,training,sce_r2_s0,0.9232726097106934,2.8026762573072015e-06,20500
409.2719531059265,training,sce_r2_s0,0.8809489607810974,2.2895227538010853e-06,21000
418.3783378601074,training,sce_r2_s0,0.8633151650428772,1.8314397882395793e-06,21500
427.5499167442322,training,sce_r2_s0,0.9054984450340271,1.4303889422073918e-06,22000
436.64195585250854,training,sce_r2_s0,0.8954189419746399,1.0880875769976822e-06,22500
445.7512001991272,training,sce_r2_s0,0.8905998468399048,8.060014796073372e-07,23000
454.8386206626892,training,sce_r2_s0,0.9154707193374634,5.85338586012028e-07,23500
463.959050655365,training,sce_r2_s0,0.8902972936630249,4.270438085989158e-07,24000
473.11413049697876,training,sce_r2_s0,0.8549449443817139,3.317949899067383e-07,24500
482.26992297172546,training,sce_r2_s0,0.8965854048728943,3e-07,25000
21.430307149887085,training,sce_r2_s1,4.1369428634643555,3.0000000000000004e-08,1
31.02078127861023,training,sce_r2_s1,1.3257791996002197,1.5e-05,500
40.530370235443115,training,sce_r2_s1,1.1901217699050903,3e-05,1000
49.639846086502075,training,sce_r2_s1,1.0822099447250366,2.9968205010093264e-05,1500
58.75585961341858,training,sce_r2_s1,1.0595184564590454,2.9872956191401087e-05,2000
67.88408708572388,training,sce_r2_s1,0.9769055247306824,2.971466141398797e-05,2500
77.01340889930725,training,sce_r2_s1,1.032281756401062,2.9493998520392662e-05,3000
86.18245840072632,training,sce_r2_s1,1.0046164989471436,2.921191242300232e-05,3500
95.30801010131836,training,sce_r2_s1,0.9872886538505554,2.8869611057792606e-05,4000
104.47892999649048,training,sce_r2_s1,0.972298264503479,2.846856021176042e-05,4500
113.62360143661499,training,sce_r2_s1,0.9689584970474243,2.8010477246198918e-05,5000
122.74513959884644,training,sce_r2_s1,0.9401527643203735,2.74973237426928e-05,5500
131.92012786865234,training,sce_r2_s1,0.9985755085945129,2.6931297103324846e-05,6000
141.1140534877777,training,sce_r2_s1,0.9807363748550415,2.6314821141062815e-05,6500
150.2756323814392,training,sce_r2_s1,0.9288318753242493,2.565053570062023e-05,7000
159.3629310131073,training,sce_r2_s1,0.9565526247024536,2.4941285354236023e-05,7500
168.56171989440918,training,sce_r2_s1,0.8888953328132629,2.4190107220779503e-05,8000
177.7402491569519,training,sce_r2_s1,0.931719183921814,2.3400217960341093e-05,8500
186.91444158554077,training,sce_r2_s1,0.9216830134391785,2.2575e-05,9000
196.00963163375854,training,sce_r2_s1,0.9171998500823975,2.171798704975217e-05,9500
205.11043524742126,training,sce_r2_s1,0.9130151867866516,2.0832848970621583e-05,10000
214.23217964172363,training,sce_r2_s1,0.9560095071792603,1.992337605975195e-05,10500
223.47981762886047,training,sce_r2_s1,0.920012891292572,1.8993462819772435e-05,11000
232.6451780796051,training,sce_r2_s1,0.967496931552887,1.8047091281939508e-05,11500
241.74363446235657,training,sce_r2_s1,0.938003659248352,1.708831395446777e-05,12000
250.86669087409973,training,sce_r2_s1,0.9155181646347046,1.6121236469067628e-05,12500
259.9589023590088,training,sce_r2_s1,0.9050884246826172,1.515e-05,13000
269.1864356994629,training,sce_r2_s1,0.9058128595352173,1.4178763530932375e-05,13500
278.35162115097046,training,sce_r2_s1,0.942044198513031,1.3211686045532237e-05,14000
287.4271936416626,training,sce_r2_s1,0.8786092400550842,1.2252908718060498e-05,14500
296.557701587677,training,sce_r2_s1,0.8692752718925476,1.1306537180227566e-05,15000
305.7671241760254,training,sce_r2_s1,0.9470246434211731,1.0376623940248055e-05,15500
314.9660544395447,training,sce_r2_s1,0.906126081943512,9.467151029378419e-06,16000
324.11094212532043,training,sce_r2_s1,0.8601711988449097,8.582012950247835e-06,16500
333.2870626449585,training,sce_r2_s1,0.8873966932296753,7.725000000000003e-06,17000
342.4728534221649,training,sce_r2_s1,0.8789750337600708,6.899782039658911e-06,17500
351.7643437385559,training,sce_r2_s1,0.9145737290382385,6.109892779220499e-06,18000
360.9406478404999,training,sce_r2_s1,0.9142349362373352,5.3587146457639785e-06,18500
370.19155049324036,training,sce_r2_s1,0.9239559769630432,4.649464299379771e-06,19000
379.4031229019165,training,sce_r2_s1,0.9295802116394043,3.9851788589371875e-06,19500
388.5329203605652,training,sce_r2_s1,0.8864597082138062,3.3687028966751593e-06,20000
397.7955513000488,training,sce_r2_s1,0.9205238819122314,2.8026762573072015e-06,20500
406.91525506973267,training,sce_r2_s1,0.9430652260780334,2.2895227538010853e-06,21000
416.00928950309753,training,sce_r2_s1,0.9202967882156372,1.8314397882395793e-06,21500
425.1460635662079,training,sce_r2_s1,0.883583664894104,1.4303889422073918e-06,22000
434.3989896774292,training,sce_r2_s1,0.9105374813079834,1.0880875769976822e-06,22500
443.53125524520874,training,sce_r2_s1,0.8936113715171814,8.060014796073372e-07,23000
452.6800842285156,training,sce_r2_s1,0.9098222255706787,5.85338586012028e-07,23500
461.92294692993164,training,sce_r2_s1,0.9271605610847473,4.270438085989158e-07,24000
471.17465806007385,training,sce_r2_s1,0.8988567590713501,3.317949899067383e-07,24500
480.4468584060669,training,sce_r2_s1,0.9222323894500732,3e-07,25000
23.151268005371094,training,sce_r2_s2,3.8557794094085693,3.0000000000000004e-08,1
32.62495398521423,training,sce_r2_s2,1.3171591758728027,1.5e-05,500
41.7364866733551,training,sce_r2_s2,1.1775256395339966,3e-05,1000
50.85983490943909,training,sce_r2_s2,1.0915322303771973,2.9968205010093264e-05,1500
59.957624673843384,training,sce_r2_s2,1.030438780784607,2.9872956191401087e-05,2000
69.10915303230286,training,sce_r2_s2,0.9933722019195557,2.971466141398797e-05,2500
78.30760216712952,training,sce_r2_s2,0.9978780746459961,2.9493998520392662e-05,3000
87.41850852966309,training,sce_r2_s2,0.961483359336853,2.921191242300232e-05,3500
96.55076193809509,training,sce_r2_s2,0.9496047496795654,2.8869611057792606e-05,4000
105.70014548301697,training,sce_r2_s2,0.9195968508720398,2.846856021176042e-05,4500
114.85937070846558,training,sce_r2_s2,0.966889500617981,2.8010477246198918e-05,5000
124.01017761230469,training,sce_r2_s2,0.9539984464645386,2.74973237426928e-05,5500
133.0933496952057,training,sce_r2_s2,0.9762851595878601,2.6931297103324846e-05,6000
142.302259683609,training,sce_r2_s2,0.9696677923202515,2.6314821141062815e-05,6500
151.45497918128967,training,sce_r2_s2,0.9723649621009827,2.565053570062023e-05,7000
160.58086228370667,training,sce_r2_s2,0.9144737124443054,2.4941285354236023e-05,7500
169.84375858306885,training,sce_r2_s2,0.9643492102622986,2.4190107220779503e-05,8000
178.96273684501648,training,sce_r2_s2,0.9526301026344299,2.3400217960341093e-05,8500
188.19714784622192,training,sce_r2_s2,0.9269816875457764,2.2575e-05,9000
197.35170555114746,training,sce_r2_s2,0.9486380219459534,2.171798704975217e-05,9500
206.4257378578186,training,sce_r2_s2,0.9286885261535645,2.0832848970621583e-05,10000
215.52575755119324,training,sce_r2_s2,0.9609823226928711,1.992337605975195e-05,10500
224.7118866443634,training,sce_r2_s2,0.9304113984107971,1.8993462819772435e-05,11000
233.9342920780182,training,sce_r2_s2,0.93680739402771,1.8047091281939508e-05,11500
243.10409426689148,training,sce_r2_s2,0.9296160936355591,1.708831395446777e-05,12000
252.2019441127777,training,sce_r2_s2,0.9252147674560547,1.6121236469067628e-05,12500
261.29015922546387,training,sce_r2_s2,0.9526757001876831,1.515e-05,13000
270.4643461704254,training,sce_r2_s2,0.9133585095405579,1.4178763530932375e-05,13500
279.7555375099182,training,sce_r2_s2,0.9399615526199341,1.3211686045532237e-05,14000
288.8572735786438,training,sce_r2_s2,0.9146493077278137,1.2252908718060498e-05,14500
298.0697362422943,training,sce_r2_s2,0.8840895891189575,1.1306537180227566e-05,15000
307.29077911376953,training,sce_r2_s2,0.9163046479225159,1.0376623940248055e-05,15500
316.41045475006104,training,sce_r2_s2,0.9268036484718323,9.467151029378419e-06,16000
325.56234765052795,training,sce_r2_s2,0.9512132406234741,8.582012950247835e-06,16500
334.76064801216125,training,sce_r2_s2,0.9075243473052979,7.725000000000003e-06,17000
343.89613676071167,training,sce_r2_s2,0.8940867781639099,6.899782039658911e-06,17500
353.0555624961853,training,sce_r2_s2,0.9080010652542114,6.109892779220499e-06,18000
362.2029867172241,training,sce_r2_s2,0.8775098919868469,5.3587146457639785e-06,18500
371.41761469841003,training,sce_r2_s2,0.9040881991386414,4.649464299379771e-06,19000
380.62340807914734,training,sce_r2_s2,0.8667513132095337,3.9851788589371875e-06,19500
389.70047068595886,training,sce_r2_s2,0.9165591597557068,3.3687028966751593e-06,20000
398.91876459121704,training,sce_r2_s2,0.8678061962127686,2.8026762573072015e-06,20500
408.11499977111816,training,sce_r2_s2,0.8883873224258423,2.2895227538010853e-06,21000
417.2597472667694,training,sce_r2_s2,0.9203269481658936,1.8314397882395793e-06,21500
426.4256205558777,training,sce_r2_s2,0.8648906946182251,1.4303889422073918e-06,22000
435.54424834251404,training,sce_r2_s2,0.9058746099472046,1.0880875769976822e-06,22500
444.68804693222046,training,sce_r2_s2,0.8881441950798035,8.060014796073372e-07,23000
453.9472930431366,training,sce_r2_s2,0.8915489315986633,5.85338586012028e-07,23500
463.10593938827515,training,sce_r2_s2,0.9064656496047974,4.270438085989158e-07,24000
472.26681637763977,training,sce_r2_s2,0.8888068199157715,3.317949899067383e-07,24500
481.46833395957947,training,sce_r2_s2,0.9344501495361328,3e-07,25000
21.564162969589233,training,sce_r2_s3,3.6306304931640625,3.0000000000000004e-08,1
31.104305744171143,training,sce_r2_s3,1.3352769613265991,1.5e-05,500
40.24265813827515,training,sce_r2_s3,1.2405402660369873,3e-05,1000
49.41041803359985,training,sce_r2_s3,1.0897839069366455,2.9968205010093264e-05,1500
58.51324987411499,training,sce_r2_s3,1.0003268718719482,2.9872956191401087e-05,2000
67.6091697216034,training,sce_r2_s3,1.0621871948242188,2.971466141398797e-05,2500
76.8192093372345,training,sce_r2_s3,0.9931159019470215,2.9493998520392662e-05,3000
85.92984008789062,training,sce_r2_s3,0.9377889633178711,2.921191242300232e-05,3500
95.04580283164978,training,sce_r2_s3,0.9997959733009338,2.8869611057792606e-05,4000
104.13018727302551,training,sce_r2_s3,0.9896053075790405,2.846856021176042e-05,4500
113.25376605987549,training,sce_r2_s3,0.969481885433197,2.8010477246198918e-05,5000
122.49505686759949,training,sce_r2_s3,0.965344250202179,2.74973237426928e-05,5500
131.7058207988739,training,sce_r2_s3,0.9582014083862305,2.6931297103324846e-05,6000
140.90210366249084,training,sce_r2_s3,0.9431870579719543,2.6314821141062815e-05,6500
150.02188968658447,training,sce_r2_s3,0.9561569094657898,2.565053570062023e-05,7000
159.09105491638184,training,sce_r2_s3,0.9434176683425903,2.4941285354236023e-05,7500
168.28782677650452,training,sce_r2_s3,0.9720242619514465,2.4190107220779503e-05,8000
177.41305947303772,training,sce_r2_s3,0.9205246567726135,2.3400217960341093e-05,8500
186.61094689369202,training,sce_r2_s3,0.9304686784744263,2.2575e-05,9000
195.77339458465576,training,sce_r2_s3,0.8744029402732849,2.171798704975217e-05,9500
204.95450830459595,training,sce_r2_s3,0.9340980648994446,2.0832848970621583e-05,10000
214.20298624038696,training,sce_r2_s3,0.9106552004814148,1.992337605975195e-05,10500
223.28421068191528,training,sce_r2_s3,0.9192688465118408,1.8993462819772435e-05,11000
232.4261863231659,training,sce_r2_s3,0.918444812297821,1.8047091281939508e-05,11500
241.64833331108093,training,sce_r2_s3,0.936688244342804,1.708831395446777e-05,12000
250.7516782283783,training,sce_r2_s3,0.9226806163787842,1.6121236469067628e-05,12500
259.82762145996094,training,sce_r2_s3,0.9080334305763245,1.515e-05,13000
268.9537136554718,training,sce_r2_s3,0.9097610712051392,1.4178763530932375e-05,13500
278.2006959915161,training,sce_r2_s3,0.9112921953201294,1.3211686045532237e-05,14000
287.3735866546631,training,sce_r2_s3,0.8797116279602051,1.2252908718060498e-05,14500
296.5043580532074,training,sce_r2_s3,0.938358724117279,1.1306537180227566e-05,15000
305.68686962127686,training,sce_r2_s3,0.895904541015625,1.0376623940248055e-05,15500
314.84745931625366,training,sce_r2_s3,0.896905243396759,9.467151029378419e-06,16000
324.00688004493713,training,sce_r2_s3,0.9542064070701599,8.582012950247835e-06,16500
333.1193337440491,training,sce_r2_s3,0.9060275554656982,7.725000000000003e-06,17000
342.23717522621155,training,sce_r2_s3,0.901360809803009,6.899782039658911e-06,17500
351.40626645088196,training,sce_r2_s3,0.8812326192855835,6.109892779220499e-06,18000
360.56783413887024,training,sce_r2_s3,0.9179071187973022,5.3587146457639785e-06,18500
369.7833230495453,training,sce_r2_s3,0.9359734058380127,4.649464299379771e-06,19000
378.97838973999023,training,sce_r2_s3,0.9179656505584717,3.9851788589371875e-06,19500
388.26879024505615,training,sce_r2_s3,0.9066880345344543,3.3687028966751593e-06,20000
397.358083486557,training,sce_r2_s3,0.894527792930603,2.8026762573072015e-06,20500
406.54585218429565,training,sce_r2_s3,0.9463384747505188,2.2895227538010853e-06,21000
415.70186376571655,training,sce_r2_s3,0.9293368458747864,1.8314397882395793e-06,21500
424.85078048706055,training,sce_r2_s3,0.9011924862861633,1.4303889422073918e-06,22000
433.96175479888916,training,sce_r2_s3,0.8895726203918457,1.0880875769976822e-06,22500
443.117817401886,training,sce_r2_s3,0.9094616770744324,8.060014796073372e-07,23000
452.20954298973083,training,sce_r2_s3,0.8797490000724792,5.85338586012028e-07,23500
461.3308312892914,training,sce_r2_s3,0.9359153509140015,4.270438085989158e-07,24000
470.49956822395325,training,sce_r2_s3,0.879233717918396,3.317949899067383e-07,24500
479.5769078731537,training,sce_r2_s3,0.8741752505302429,3e-07,25000
21.516829013824463,training,sce_r3_s0,4.021173477172852,3.0000000000000004e-08,1
31.13854956626892,training,sce_r3_s0,1.3499503135681152,1.5e-05,500
40.379204750061035,training,sce_r3_s0,1.2198364734649658,3e-05,1000
49.59977912902832,training,sce_r3_s0,1.1236907243728638,2.9968205010093264e-05,1500
58.68987154960632,training,sce_r3_s0,1.0678297281265259,2.9872956191401087e-05,2000
67.82022976875305,training,sce_r3_s0,1.0388785600662231,2.971466141398797e-05,2500
76.93348670005798,training,sce_r3_s0,1.006847620010376,2.9493998520392662e-05,3000
86.15025877952576,training,sce_r3_s0,0.9778289198875427,2.921191242300232e-05,3500
95.28467893600464,training,sce_r3_s0,0.9883474111557007,2.8869611057792606e-05,4000
104.5545301437378,training,sce_r3_s0,0.9818418025970459,2.846856021176042e-05,4500
113.68294787406921,training,sce_r3_s0,0.939683198928833,2.8010477246198918e-05,5000
122.89132189750671,training,sce_r3_s0,1.0223850011825562,2.74973237426928e-05,5500
132.10181832313538,training,sce_r3_s0,0.9234336614608765,2.6931297103324846e-05,6000
141.24456238746643,training,sce_r3_s0,0.9843562841415405,2.6314821141062815e-05,6500
150.53314638137817,training,sce_r3_s0,0.9585878252983093,2.565053570062023e-05,7000
159.80364966392517,training,sce_r3_s0,0.9027615189552307,2.4941285354236023e-05,7500
169.0035355091095,training,sce_r3_s0,0.9352139830589294,2.4190107220779503e-05,8000
178.13025856018066,training,sce_r3_s0,0.9340261220932007,2.3400217960341093e-05,8500
187.29036808013916,training,sce_r3_s0,0.9215427041053772,2.2575e-05,9000
196.56778407096863,training,sce_r3_s0,0.933180034160614,2.171798704975217e-05,9500
205.81641554832458,training,sce_r3_s0,0.9335696697235107,2.0832848970621583e-05,10000
214.9389762878418,training,sce_r3_s0,0.9701737761497498,1.992337605975195e-05,10500
224.0928819179535,training,sce_r3_s0,0.9281672239303589,1.8993462819772435e-05,11000
233.20076537132263,training,sce_r3_s0,0.9354903697967529,1.8047091281939508e-05,11500
242.34349727630615,training,sce_r3_s0,0.9429774284362793,1.708831395446777e-05,12000
251.47805953025818,training,sce_r3_s0,0.9277792572975159,1.6121236469067628e-05,12500
260.63731026649475,training,sce_r3_s0,0.8888276815414429,1.515e-05,13000
269.9160244464874,training,sce_r3_s0,0.9245837926864624,1.4178763530932375e-05,13500
279.1747853755951,training,sce_r3_s0,0.9185248017311096,1.3211686045532237e-05,14000
288.3478424549103,training,sce_r3_s0,0.9249020218849182,1.2252908718060498e-05,14500
297.53217816352844,training,sce_r3_s0,0.9441666007041931,1.1306537180227566e-05,15000
306.68407464027405,training,sce_r3_s0,0.9050101041793823,1.0376623940248055e-05,15500
315.8010787963867,training,sce_r3_s0,0.9120960831642151,9.467151029378419e-06,16000
325.05811882019043,training,sce_r3_s0,0.9329949617385864,8.582012950247835e-06,16500
334.27211236953735,training,sce_r3_s0,0.9044970870018005,7.725000000000003e-06,17000
343.5339949131012,training,sce_r3_s0,0.9156261086463928,6.899782039658911e-06,17500
352.77958846092224,training,sce_r3_s0,0.9237164855003357,6.109892779220499e-06,18000
362.0486469268799,training,sce_r3_s0,0.9419556260108948,5.3587146457639785e-06,18500
371.1959054470062,training,sce_r3_s0,0.919117271900177,4.649464299379771e-06,19000
380.354425907135,training,sce_r3_s0,0.9452714920043945,3.9851788589371875e-06,19500
389.4707705974579,training,sce_r3_s0,0.9059428572654724,3.3687028966751593e-06,20000
398.5735697746277,training,sce_r3_s0,0.9239025115966797,2.8026762573072015e-06,20500
407.7006525993347,training,sce_r3_s0,0.8850765824317932,2.2895227538010853e-06,21000
417.0793523788452,training,sce_r3_s0,0.8707838654518127,1.8314397882395793e-06,21500
426.2503345012665,training,sce_r3_s0,0.9156283736228943,1.4303889422073918e-06,22000
435.40038561820984,training,sce_r3_s0,0.9009366035461426,1.0880875769976822e-06,22500
444.53575253486633,training,sce_r3_s0,0.9035229682922363,8.060014796073372e-07,23000
453.61013865470886,training,sce_r3_s0,0.9268797636032104,5.85338586012028e-07,23500
462.7944481372833,training,sce_r3_s0,0.8985717296600342,4.270438085989158e-07,24000
471.91674399375916,training,sce_r3_s0,0.8568063974380493,3.317949899067383e-07,24500
481.0075032711029,training,sce_r3_s0,0.9025564193725586,3e-07,25000
21.516879558563232,training,sce_r3_s1,4.137969017028809,3.0000000000000004e-08,1
31.02558660507202,training,sce_r3_s1,1.3513273000717163,1.5e-05,500
40.31006050109863,training,sce_r3_s1,1.2164082527160645,3e-05,1000
49.608386516571045,training,sce_r3_s1,1.1152989864349365,2.9968205010093264e-05,1500
58.78559112548828,training,sce_r3_s1,1.0725184679031372,2.9872956191401087e-05,2000
68.00436162948608,training,sce_r3_s1,1.0023081302642822,2.971466141398797e-05,2500
77.24538969993591,training,sce_r3_s1,1.0492253303527832,2.9493998520392662e-05,3000
86.50459051132202,training,sce_r3_s1,1.023927927017212,2.921191242300232e-05,3500
95.64506483078003,training,sce_r3_s1,1.0011059045791626,2.8869611057792606e-05,4000
104.83733582496643,training,sce_r3_s1,0.994989812374115,2.846856021176042e-05,4500
113.95633339881897,training,sce_r3_s1,0.9921016097068787,2.8010477246198918e-05,5000
123.19463539123535,training,sce_r3_s1,0.9544293284416199,2.74973237426928e-05,5500
132.45661211013794,training,sce_r3_s1,1.0223150253295898,2.6931297103324846e-05,6000
141.60857677459717,training,sce_r3_s1,0.987798273563385,2.6314821141062815e-05,6500
150.75707173347473,training,sce_r3_s1,0.9392154216766357,2.565053570062023e-05,7000
159.94098043441772,training,sce_r3_s1,0.9796236753463745,2.4941285354236023e-05,7500
169.14069199562073,training,sce_r3_s1,0.9021987915039062,2.4190107220779503e-05,8000
178.31995344161987,training,sce_r3_s1,0.9474449753761292,2.3400217960341093e-05,8500
187.5627100467682,training,sce_r3_s1,0.928371250629425,2.2575e-05,9000
196.744202375412,training,sce_r3_s1,0.9185123443603516,2.171798704975217e-05,9500
205.96788597106934,training,sce_r3_s1,0.9237273931503296,2.0832848970621583e-05,10000
215.13055109977722,training,sce_r3_s1,0.9625723361968994,1.992337605975195e-05,10500
224.37451028823853,training,sce_r3_s1,0.9351437091827393,1.8993462819772435e-05,11000
233.67276525497437,training,sce_r3_s1,0.9810911417007446,1.8047091281939508e-05,11500
242.9020869731903,training,sce_r3_s1,0.9390485286712646,1.708831395446777e-05,12000
252.0283441543579,training,sce_r3_s1,0.9177840352058411,1.6121236469067628e-05,12500
261.1884677410126,training,sce_r3_s1,0.911994993686676,1.515e-05,13000
270.44403171539307,training,sce_r3_s1,0.9219526052474976,1.4178763530932375e-05,13500
279.6586992740631,training,sce_r3_s1,0.943375289440155,1.3211686045532237e-05,14000
288.779403924942,training,sce_r3_s1,0.8855869770050049,1.2252908718060498e-05,14500
297.9285593032837,training,sce_r3_s1,0.8770679831504822,1.1306537180227566e-05,15000
307.2032005786896,training,sce_r3_s1,0.9584027528762817,1.0376623940248055e-05,15500
316.36178755760193,training,sce_r3_s1,0.9204213619232178,9.467151029378419e-06,16000
325.53052616119385,training,sce_r3_s1,0.8643523454666138,8.582012950247835e-06,16500
334.82974195480347,training,sce_r3_s1,0.8916699290275574,7.725000000000003e-06,17000
344.04537296295166,training,sce_r3_s1,0.8886079788208008,6.899782039658911e-06,17500
353.25191473960876,training,sce_r3_s1,0.9330005049705505,6.109892779220499e-06,18000
362.39588379859924,training,sce_r3_s1,0.9157693982124329,5.3587146457639785e-06,18500
371.64556789398193,training,sce_r3_s1,0.9371541738510132,4.649464299379771e-06,19000
380.82925367355347,training,sce_r3_s1,0.9396511316299438,3.9851788589371875e-06,19500
390.0941753387451,training,sce_r3_s1,0.8972739577293396,3.3687028966751593e-06,20000
399.27626752853394,training,sce_r3_s1,0.9239121675491333,2.8026762573072015e-06,20500
408.5026409626007,training,sce_r3_s1,0.9473550319671631,2.2895227538010853e-06,21000
417.68625593185425,training,sce_r3_s1,0.9324824213981628,1.8314397882395793e-06,21500
426.84225511550903,training,sce_r3_s1,0.8900882005691528,1.4303889422073918e-06,22000
436.08149671554565,training,sce_r3_s1,0.9178829193115234,1.0880875769976822e-06,22500
445.2129831314087,training,sce_r3_s1,0.9001657366752625,8.060014796073372e-07,23000
454.3424696922302,training,sce_r3_s1,0.912516713142395,5.85338586012028e-07,23500
463.48308300971985,training,sce_r3_s1,0.9434613585472107,4.270438085989158e-07,24000
472.5957787036896,training,sce_r3_s1,0.9201435446739197,3.317949899067383e-07,24500
481.7924861907959,training,sce_r3_s1,0.9354735016822815,3e-07,25000
21.45830488204956,training,sce_r3_s2,3.8456828594207764,3.0000000000000004e-08,1
31.015869617462158,training,sce_r3_s2,1.349359393119812,1.5e-05,500
40.29134488105774,training,sce_r3_s2,1.2015661001205444,3e-05,1000
49.434365034103394,training,sce_r3_s2,1.1259390115737915,2.9968205010093264e-05,1500
58.626362800598145,training,sce_r3_s2,1.041521668434143,2.9872956191401087e-05,2000
67.73870038986206,training,sce_r3_s2,1.0008938312530518,2.971466141398797e-05,2500
76.98192739486694,training,sce_r3_s2,1.0050394535064697,2.9493998520392662e-05,3000
86.21150827407837,training,sce_r3_s2,0.9944013953208923,2.921191242300232e-05,3500
95.30898118019104,training,sce_r3_s2,0.9557673931121826,2.8869611057792606e-05,4000
104.47422933578491,training,sce_r3_s2,0.93739914894104,2.846856021176042e-05,4500
113.62896037101746,training,sce_r3_s2,0.9861803650856018,2.8010477246198918e-05,5000
122.87260317802429,training,sce_r3_s2,0.9753349423408508,2.74973237426928e-05,5500
132.0218026638031,training,sce_r3_s2,0.9789131283760071,2.6931297103324846e-05,6000
141.13071036338806,training,sce_r3_s2,0.9650418758392334,2.6314821141062815e-05,6500
150.33952140808105,training,sce_r3_s2,0.9886643290519714,2.565053570062023e-05,7000
159.53767085075378,training,sce_r3_s2,0.9287766218185425,2.4941285354236023e-05,7500
168.70372319221497,training,sce_r3_s2,0.981813907623291,2.4190107220779503e-05,8000
177.86240530014038,training,sce_r3_s2,0.9659168124198914,2.3400217960341093e-05,8500
187.0096378326416,training,sce_r3_s2,0.9398263096809387,2.2575e-05,9000
196.15145707130432,training,sce_r3_s2,0.9718701243400574,2.171798704975217e-05,9500
205.34926414489746,training,sce_r3_s2,0.9359498620033264,2.0832848970621583e-05,10000
214.57628536224365,training,sce_r3_s2,0.969309389591217,1.992337605975195e-05,10500
223.78815174102783,training,sce_r3_s2,0.9341549873352051,1.8993462819772435e-05,11000
232.9603202342987,training,sce_r3_s2,0.954146146774292,1.8047091281939508e-05,11500
242.1903395652771,training,sce_r3_s2,0.9438070058822632,1.708831395446777e-05,12000
251.3999252319336,training,sce_r3_s2,0.9323105812072754,1.6121236469067628e-05,12500
260.61777353286743,training,sce_r3_s2,0.9579057693481445,1.515e-05,13000
269.77023434638977,training,sce_r3_s2,0.9239343404769897,1.4178763530932375e-05,13500
278.94125843048096,training,sce_r3_s2,0.9438969492912292,1.3211686045532237e-05,14000
288.14677596092224,training,sce_r3_s2,0.9265846014022827,1.2252908718060498e-05,14500
297.40369057655334,training,sce_r3_s2,0.8892435431480408,1.1306537180227566e-05,15000
306.6266734600067,training,sce_r3_s2,0.9332649111747742,1.0376623940248055e-05,15500
315.7619879245758,training,sce_r3_s2,0.9364650249481201,9.467151029378419e-06,16000
324.954660654068,training,sce_r3_s2,0.9581993818283081,8.582012950247835e-06,16500
334.1180293560028,training,sce_r3_s2,0.9142568111419678,7.725000000000003e-06,17000
343.27824306488037,training,sce_r3_s2,0.8990809917449951,6.899782039658911e-06,17500
352.4922761917114,training,sce_r3_s2,0.918125569820404,6.109892779220499e-06,18000
361.66834259033203,training,sce_r3_s2,0.878706157207489,5.3587146457639785e-06,18500
370.7771921157837,training,sce_r3_s2,0.9111422896385193,4.649464299379771e-06,19000
379.89699697494507,training,sce_r3_s2,0.8706287741661072,3.9851788589371875e-06,19500
389.06192660331726,training,sce_r3_s2,0.9290840029716492,3.3687028966751593e-06,20000
398.3481833934784,training,sce_r3_s2,0.8824881911277771,2.8026762573072015e-06,20500
407.47375774383545,training,sce_r3_s2,0.8958672285079956,2.2895227538010853e-06,21000
416.6302831172943,training,sce_r3_s2,0.9199973344802856,1.8314397882395793e-06,21500
425.7997591495514,training,sce_r3_s2,0.8722133636474609,1.4303889422073918e-06,22000
435.00414848327637,training,sce_r3_s2,0.9059697389602661,1.0880875769976822e-06,22500
444.2181911468506,training,sce_r3_s2,0.8852677941322327,8.060014796073372e-07,23000
453.41233253479004,training,sce_r3_s2,0.902600109577179,5.85338586012028e-07,23500
462.6492691040039,training,sce_r3_s2,0.9187724590301514,4.270438085989158e-07,24000
471.82430505752563,training,sce_r3_s2,0.9016708731651306,3.317949899067383e-07,24500
480.9794178009033,training,sce_r3_s2,0.9463282823562622,3e-07,25000
21.423691272735596,training,sce_r3_s3,3.6421959400177,3.0000000000000004e-08,1
30.896143198013306,training,sce_r3_s3,1.3340851068496704,1.5e-05,500
40.07941389083862,training,sce_r3_s3,1.2642508745193481,3e-05,1000
49.259607791900635,training,sce_r3_s3,1.1184331178665161,2.9968205010093264e-05,1500
58.396424293518066,training,sce_r3_s3,1.018223762512207,2.9872956191401087e-05,2000
67.50085282325745,training,sce_r3_s3,1.0757662057876587,2.971466141398797e-05,2500
76.70293664932251,training,sce_r3_s3,1.0164000988006592,2.9493998520392662e-05,3000
85.90688943862915,training,sce_r3_s3,0.9725704193115234,2.921191242300232e-05,3500
95.06051468849182,training,sce_r3_s3,1.0149550437927246,2.8869611057792606e-05,4000
104.1649386882782,training,sce_r3_s3,1.0046780109405518,2.846856021176042e-05,4500
113.29986834526062,training,sce_r3_s3,0.982756495475769,2.8010477246198918e-05,5000
122.53439807891846,training,sce_r3_s3,0.9821133017539978,2.74973237426928e-05,5500
131.72809958457947,training,sce_r3_s3,0.9696874022483826,2.6931297103324846e-05,6000
140.9794886112213,training,sce_r3_s3,0.9557822346687317,2.6314821141062815e-05,6500
150.14757585525513,training,sce_r3_s3,0.9719432592391968,2.565053570062023e-05,7000
159.26484084129333,training,sce_r3_s3,0.9450674653053284,2.4941285354236023e-05,7500
168.51917815208435,training,sce_r3_s3,0.9870896339416504,2.4190107220779503e-05,8000
177.62914872169495,training,sce_r3_s3,0.9280599355697632,2.3400217960341093e-05,8500
186.8114583492279,training,sce_r3_s3,0.9474322199821472,2.2575e-05,9000
195.96488332748413,training,sce_r3_s3,0.8935540914535522,2.171798704975217e-05,9500
205.13255977630615,training,sce_r3_s3,0.952456533908844,2.0832848970621583e-05,10000
214.36575031280518,training,sce_r3_s3,0.9216963052749634,1.992337605975195e-05,10500
223.66395831108093,training,sce_r3_s3,0.934399425983429,1.8993462819772435e-05,11000
232.8349301815033,training,sce_r3_s3,0.9185172319412231,1.8047091281939508e-05,11500
242.00312781333923,training,sce_r3_s3,0.950130820274353,1.708831395446777e-05,12000
251.21976518630981,training,sce_r3_s3,0.9412915110588074,1.6121236469067628e-05,12500
260.3402850627899,training,sce_r3_s3,0.9167773723602295,1.515e-05,13000
269.46538829803467,training,sce_r3_s3,0.9177001118659973,1.4178763530932375e-05,13500
278.5820333957672,training,sce_r3_s3,0.9156470894813538,1.3211686045532237e-05,14000
287.82053232192993,training,sce_r3_s3,0.878394603729248,1.2252908718060498e-05,14500
296.99038577079773,training,sce_r3_s3,0.9540121555328369,1.1306537180227566e-05,15000
306.08991503715515,training,sce_r3_s3,0.9004600048065186,1.0376623940248055e-05,15500
315.16794633865356,training,sce_r3_s3,0.9084137082099915,9.467151029378419e-06,16000
324.26946687698364,training,sce_r3_s3,0.9715122580528259,8.582012950247835e-06,16500
333.36246633529663,training,sce_r3_s3,0.9131513237953186,7.725000000000003e-06,17000
342.496951341629,training,sce_r3_s3,0.9053497910499573,6.899782039658911e-06,17500
351.7470145225525,training,sce_r3_s3,0.8974702954292297,6.109892779220499e-06,18000
360.9287145137787,training,sce_r3_s3,0.9248884916305542,5.3587146457639785e-06,18500
370.0620939731598,training,sce_r3_s3,0.9503980278968811,4.649464299379771e-06,19000
379.2425239086151,training,sce_r3_s3,0.9306898713111877,3.9851788589371875e-06,19500
388.3673403263092,training,sce_r3_s3,0.9216821789741516,3.3687028966751593e-06,20000
397.54315519332886,training,sce_r3_s3,0.907191276550293,2.8026762573072015e-06,20500
406.7401354312897,training,sce_r3_s3,0.961646318435669,2.2895227538010853e-06,21000
415.87202739715576,training,sce_r3_s3,0.9346799254417419,1.8314397882395793e-06,21500
425.0865046977997,training,sce_r3_s3,0.9083629250526428,1.4303889422073918e-06,22000
434.20147919654846,training,sce_r3_s3,0.8953723907470703,1.0880875769976822e-06,22500
443.2996964454651,training,sce_r3_s3,0.9154326915740967,8.060014796073372e-07,23000
452.38665556907654,training,sce_r3_s3,0.8925445079803467,5.85338586012028e-07,23500
461.52403831481934,training,sce_r3_s3,0.9427974820137024,4.270438085989158e-07,24000
470.6490297317505,training,sce_r3_s3,0.8836627006530762,3.317949899067383e-07,24500
479.74145555496216,training,sce_r3_s3,0.8740513324737549,3e-07,25000
