label,loss,sce_radius,seed,temperature,neighbor_scale,method,nfe,valid,novel,unique_valid,unique_novel,total
ce_temp08_s0,ce,,0,0.8,4.0,euler,8,324,281,324,281,1024
ce_temp08_s0,ce,,0,0.8,4.0,neighbor,8,271,220,271,220,1024
ce_temp08_s0,ce,,0,0.8,4.0,entropy,8,71,64,71,64,1024
ce_temp08_s0,ce,,0,0.8,4.0,euler,16,440,340,439,340,1024
ce_temp08_s0,ce,,0,0.8,4.0,neighbor,16,419,342,418,342,1024
ce_temp08_s0,ce,,0,0.8,4.0,entropy,16,229,197,229,197,1024
ce_temp08_s0,ce,,0,0.8,4.0,euler,32,525,406,525,406,1024
ce_temp08_s0,ce,,0,0.8,4.0,neighbor,32,508,385,508,385,1024
ce_temp08_s0,ce,,0,0.8,4.0,entropy,32,400,317,400,317,1024
ce_temp08_s0,ce,,0,0.8,4.0,euler,64,559,434,557,433,1024
ce_temp08_s0,ce,,0,0.8,4.0,neighbor,64,579,448,579,448,1024
ce_temp08_s0,ce,,0,0.8,4.0,entropy,64,506,374,506,374,1024
ce_temp08_s0,ce,,0,0.8,4.0,euler,128,574,421,573,421,1024
ce_temp08_s0,ce,,0,0.8,4.0,neighbor,128,621,458,620,457,1024
ce_temp08_s0,ce,,0,0.8,4.0,entropy,128,596,426,596,426,1024
ce_temp08_s0,ce,,0,0.8,4.0,euler,256,585,458,584,457,1024
ce_temp08_s0,ce,,0,0.8,4.0,neighbor,256,617,459,617,459,1024
ce_temp08_s0,ce,,0,0.8,4.0,entropy,256,636,445,636,445,1024
ce_temp08_s1,ce,,1,0.8,4.0,euler,8,317,273,317,273,1024
ce_temp08_s1,ce,,1,0.8,4.0,neighbor,8,290,231,290,231,1024
ce_temp08_s1,ce,,1,0.8,4.0,entropy,8,79,72,79,72,1024
ce_temp08_s1,ce,,1,0.8,4.0,euler,16,441,344,440,344,1024
ce_temp08_s1,ce,,1,0.8,4.0,neighbor,16,425,330,423,328,1024
ce_temp08_s1,ce,,1,0.8,4.0,entropy,16,199,172,199,172,1024
ce_temp08_s1,ce,,1,0.8,4.0,euler,32,520,396,519,396,1024
ce_temp08_s1,ce,,1,0.8,4.0,neighbor,32,532,417,532,417,1024
ce_temp08_s1,ce,,1,0.8,4.0,entropy,32,368,295,368,295,1024
ce_temp08_s1,ce,,1,0.8,4.0,euler,64,573,441,572,441,1024
ce_temp08_s1,ce,,1,0.8,4.0,neighbor,64,588,427,586,426,1024
ce_temp08_s1,ce,,1,0.8,4.0,entropy,64,534,411,534,411,1024
ce_temp08_s1,ce,,1,0.8,4.0,euler,128,581,424,581,424,1024
ce_temp08_s1,ce,,1,0.8,4.0,neighbor,128,597,419,596,418,1024
ce_temp08_s1,ce,,1,0.8,4.0,entropy,128,602,430,601,430,1024
ce_temp08_s1,ce,,1,0.8,4.0,euler,256,612,442,611,442,1024
ce_temp08_s1,ce,,1,0.8,4.0,neighbor,256,640,462,640,462,1024
ce_temp08_s1,ce,,1,0.8,4.0,entropy,256,666,474,665,474,1024
ce_temp08_s2,ce,,2,0.8,4.0,euler,8,319,272,319,272,1024
ce_temp08_s2,ce,,2,0.8,4.0,neighbor,8,276,215,276,215,1024
ce_temp08_s2,ce,,2,0.8,4.0,entropy,8,67,62,67,62,1024
ce_temp08_s2,ce,,2,0.8,4.0,euler,16,420,332,420,332,1024
ce_temp08_s2,ce,,2,0.8,4.0,neighbor,16,379,310,378,309,1024
ce_temp08_s2,ce,,2,0.8,4.0,entropy,16,201,170,201,170,1024
ce_temp08_s2,ce,,2,0.8,4.0,euler,32,496,381,495,381,1024
ce_temp08_s2,ce,,2,0.8,4.0,neighbor,32,495,390,493,390,1024
ce_temp08_s2,ce,,2,0.8,4.0,entropy,32,343,267,343,267,1024
ce_temp08_s2,ce,,2,0.8,4.0,euler,64,561,420,560,419,1024
ce_temp08_s2,ce,,2,0.8,4.0,neighbor,64,580,437,578,437,1024
ce_temp08_s2,ce,,2,0.8,4.0,entropy,64,459,338,459,338,1024
ce_temp08_s2,ce,,2,0.8,4.0,euler,128,586,433,586,433,1024
ce_temp08_s2,ce,,2,0.8,4.0,neighbor,128,598,466,598,466,1024
ce_temp08_s2,ce,,2,0.8,4.0,entropy,128,547,408,545,408,1024
ce_temp08_s2,ce,,2,0.8,4.0,euler,256,601,460,601,460,1024
ce_temp08_s2,ce,,2,0.8,4.0,neighbor,256,618,461,617,461,1024
ce_temp08_s2,ce,,2,0.8,4.0,entropy,256,639,445,636,444,1024
ce_temp08_s3,ce,,3,0.8,4.0,euler,8,320,264,319,264,1024
ce_temp08_s3,ce,,3,0.8,4.0,neighbor,8,298,244,298,244,1024
ce_temp08_s3,ce,,3,0.8,4.0,entropy,8,86,82,86,82,1024
ce_temp08_s3,ce,,3,0.8,4.0,euler,16,456,343,456,343,1024
ce_temp08_s3,ce,,3,0.8,4.0,neighbor,16,446,357,445,356,1024
ce_temp08_s3,ce,,3,0.8,4.0,entropy,16,210,171,210,171,1024
ce_temp08_s3,ce,,3,0.8,4.0,euler,32,523,394,519,392,1024
ce_temp08_s3,ce,,3,0.8,4.0,neighbor,32,519,384,519,384,1024
ce_temp08_s3,ce,,3,0.8,4.0,entropy,32,376,294,376,294,1024
ce_temp08_s3,ce,,3,0.8,4.0,euler,64,565,427,565,427,1024
ce_temp08_s3,ce,,3,0.8,4.0,neighbor,64,581,418,581,418,1024
ce_temp08_s3,ce,,3,0.8,4.0,entropy,64,522,393,522,393,1024
ce_temp08_s3,ce,,3,0.8,4.0,euler,128,607,454,607,454,1024
ce_temp08_s3,ce,,3,0.8,4.0,neighbor,128,609,448,606,447,1024
ce_temp08_s3,ce,,3,0.8,4.0,entropy,128,599,443,598,443,1024
ce_temp08_s3,ce,,3,0.8,4.0,euler,256,609,453,609,453,1024
ce_temp08_s3,ce,,3,0.8,4.0,neighbor,256,655,483,654,482,1024
ce_temp08_s3,ce,,3,0.8,4.0,entropy,256,665,463,663,461,1024
ce_temp09_s0,ce,,0,0.9,4.0,euler,8,272,240,272,240,1024
ce_temp09_s0,ce,,0,0.9,4.0,neighbor,8,232,194,232,194,1024
ce_temp09_s0,ce,,0,0.9,4.0,entropy,8,48,45,48,45,1024
ce_temp09_s0,ce,,0,0.9,4.0,euler,16,394,318,394,318,1024
ce_temp09_s0,ce,,0,0.9,4.0,neighbor,16,380,319,380,319,1024
ce_temp09_s0,ce,,0,0.9,4.0,entropy,16,182,163,182,163,1024
ce_temp09_s0,ce,,0,0.9,4.0,euler,32,447,351,447,351,1024
ce_temp09_s0,ce,,0,0.9,4.0,neighbor,32,434,355,434,355,1024
ce_temp09_s0,ce,,0,0.9,4.0,entropy,32,327,272,327,272,1024
ce_temp09_s0,ce,,0,0.9,4.0,euler,64,487,385,487,385,1024
ce_temp09_s0,ce,,0,0.9,4.0,neighbor,64,521,423,521,423,1024
ce_temp09_s0,ce,,0,0.9,4.0,entropy,64,473,377,473,377,1024
ce_temp09_s0,ce,,0,0.9,4.0,euler,128,501,386,501,386,1024
ce_temp09_s0,ce,,0,0.9,4.0,neighbor,128,547,420,547,420,1024
ce_temp09_s0,ce,,0,0.9,4.0,entropy,128,508,380,506,379,1024
ce_temp09_s0,ce,,0,0.9,4.0,euler,256,536,432,534,431,1024
ce_temp09_s0,ce,,0,0.9,4.0,neighbor,256,574,447,574,447,1024
ce_temp09_s0,ce,,0,0.9,4.0,entropy,256,591,443,591,443,1024
ce_temp11_s0,ce,,0,1.1,4.0,euler,8,196,175,196,175,1024
ce_temp11_s0,ce,,0,1.1,4.0,neighbor,8,180,157,180,157,1024
ce_temp11_s0,ce,,0,1.1,4.0,entropy,8,37,36,37,36,1024
ce_temp11_s0,ce,,0,1.1,4.0,euler,16,294,255,294,255,1024
ce_temp11_s0,ce,,0,1.1,4.0,neighbor,16,287,254,287,254,1024
ce_temp11_s0,ce,,0,1.1,4.0,entropy,16,110,106,110,106,1024
ce_temp11_s0,ce,,0,1.1,4.0,euler,32,352,291,352,291,1024
ce_temp11_s0,ce,,0,1.1,4.0,neighbor,32,349,295,349,295,1024
ce_temp11_s0,ce,,0,1.1,4.0,entropy,32,204,188,204,188,1024
ce_temp11_s0,ce,,0,1.1,4.0,euler,64,358,298,358,298,1024
ce_temp11_s0,ce,,0,1.1,4.0,neighbor,64,403,338,403,338,1024
ce_temp11_s0,ce,,0,1.1,4.0,entropy,64,331,288,331,288,1024
ce_temp11_s0,ce,,0,1.1,4.0,euler,128,405,341,405,341,1024
ce_temp11_s0,ce,,0,1.1,4.0,neighbor,128,420,351,420,351,1024
ce_temp11_s0,ce,,0,1.1,4.0,entropy,128,400,334,400,334,1024
ce_temp11_s0,ce,,0,1.1,4.0,euler,256,409,351,409,351,1024
ce_temp11_s0,ce,,0,1.1,4.0,neighbor,256,435,352,434,351,1024
ce_temp11_s0,ce,,0,1.1,4.0,entropy,256,474,400,474,400,1024
ce_temp12_s0,ce,,0,1.2,4.0,euler,8,168,151,167,151,1024
ce_temp12_s0,ce,,0,1.2,4.0,neighbor,8,154,138,154,138,1024
ce_temp12_s0,ce,,0,1.2,4.0,entropy,8,27,26,27,26,1024
ce_temp12_s0,ce,,0,1.2,4.0,euler,16,255,228,255,228,1024
ce_temp12_s0,ce,,0,1.2,4.0,neighbor,16,245,223,245,223,1024
ce_temp12_s0,ce,,0,1.2,4.0,entropy,16,80,76,80,76,1024
ce_temp12_s0,ce,,0,1.2,4.0,euler,32,304,269,304,269,1024
ce_temp12_s0,ce,,0,1.2,4.0,neighbor,32,305,265,305,265,1024
ce_temp12_s0,ce,,0,1.2,4.0,entropy,32,192,180,192,180,1024
ce_temp12_s0,ce,,0,1.2,4.0,euler,64,310,271,310,271,1024
ce_temp12_s0,ce,,0,1.2,4.0,neighbor,64,346,303,346,303,1024
ce_temp12_s0,ce,,0,1.2,4.0,entropy,64,278,253,278,253,1024
ce_temp12_s0,ce,,0,1.2,4.0,euler,128,327,275,327,275,1024
ce_temp12_s0,ce,,0,1.2,4.0,neighbor,128,372,322,372,322,1024
ce_temp12_s0,ce,,0,1.2,4.0,entropy,128,321,281,321,281,1024
ce_temp12_s0,ce,,0,1.2,4.0,euler,256,323,281,323,281,1024
ce_temp12_s0,ce,,0,1.2,4.0,neighbor,256,363,303,361,302,1024
ce_temp12_s0,ce,,0,1.2,4.0,entropy,256,378,331,378,331,1024
ce_temp12_s1,ce,,1,1.2,4.0,euler,8,156,143,156,143,1024
ce_temp12_s1,ce,,1,1.2,4.0,neighbor,8,148,137,148,137,1024
ce_temp12_s1,ce,,1,1.2,4.0,entropy,8,32,31,32,31,1024
ce_temp12_s1,ce,,1,1.2,4.0,euler,16,252,229,252,229,1024
ce_temp12_s1,ce,,1,1.2,4.0,neighbor,16,253,220,253,220,1024
ce_temp12_s1,ce,,1,1.2,4.0,entropy,16,87,83,87,83,1024
ce_temp12_s1,ce,,1,1.2,4.0,euler,32,314,270,314,270,1024
ce_temp12_s1,ce,,1,1.2,4.0,neighbor,32,289,251,289,251,1024
ce_temp12_s1,ce,,1,1.2,4.0,entropy,32,182,167,182,167,1024
ce_temp12_s1,ce,,1,1.2,4.0,euler,64,361,313,361,313,1024
ce_temp12_s1,ce,,1,1.2,4.0,neighbor,64,339,282,339,282,1024
ce_temp12_s1,ce,,1,1.2,4.0,entropy,64,282,253,282,253,1024
ce_temp12_s1,ce,,1,1.2,4.0,euler,128,355,305,355,305,1024
ce_temp12_s1,ce,,1,1.2,4.0,neighbor,128,362,310,362,310,1024
ce_temp12_s1,ce,,1,1.2,4.0,entropy,128,335,302,334,301,1024
ce_temp12_s1,ce,,1,1.2,4.0,euler,256,376,323,376,323,1024
ce_temp12_s1,ce,,1,1.2,4.0,neighbor,256,374,317,374,317,1024
ce_temp12_s1,ce,,1,1.2,4.0,entropy,256,409,360,409,360,1024
ce_temp12_s2,ce,,2,1.2,4.0,euler,8,174,157,174,157,1024
ce_temp12_s2,ce,,2,1.2,4.0,neighbor,8,137,128,137,128,1024
ce_temp12_s2,ce,,2,1.2,4.0,entropy,8,29,27,29,27,1024
ce_temp12_s2,ce,,2,1.2,4.0,euler,16,245,217,245,217,1024
ce_temp12_s2,ce,,2,1.2,4.0,neighbor,16,241,226,241,226,1024
ce_temp12_s2,ce,,2,1.2,4.0,entropy,16,78,75,78,75,1024
ce_temp12_s2,ce,,2,1.2,4.0,euler,32,287,248,287,248,1024
ce_temp12_s2,ce,,2,1.2,4.0,neighbor,32,303,269,303,269,1024
ce_temp12_s2,ce,,2,1.2,4.0,entropy,32,184,165,184,165,1024
ce_temp12_s2,ce,,2,1.2,4.0,euler,64,328,283,328,283,1024
ce_temp12_s2,ce,,2,1.2,4.0,neighbor,64,337,299,337,299,1024
ce_temp12_s2,ce,,2,1.2,4.0,entropy,64,285,262,285,262,1024
ce_temp12_s2,ce,,2,1.2,4.0,euler,128,355,317,355,317,1024
ce_temp12_s2,ce,,2,1.2,4.0,neighbor,128,371,326,370,325,1024
ce_temp12_s2,ce,,2,1.2,4.0,entropy,128,360,308,360,308,1024
ce_temp12_s2,ce,,2,1.2,4.0,euler,256,326,288,324,287,1024
ce_temp12_s2,ce,,2,1.2,4.0,neighbor,256,328,277,328,277,1024
ce_temp12_s2,ce,,2,1.2,4.0,entropy,256,384,331,383,331,1024
ce_temp12_s3,ce,,3,1.2,4.0,euler,8,175,159,175,159,1024
ce_temp12_s3,ce,,3,1.2,4.0,neighbor,8,142,130,142,130,1024
ce_temp12_s3,ce,,3,1.2,4.0,entropy,8,29,26,29,26,1024
ce_temp12_s3,ce,,3,1.2,4.0,euler,16,259,230,259,230,1024
ce_temp12_s3,ce,,3,1.2,4.0,neighbor,16,274,251,273,250,1024
ce_temp12_s3,ce,,3,1.2,4.0,entropy,16,86,84,86,84,1024
ce_temp12_s3,ce,,3,1.2,4.0,euler,32,338,295,338,295,1024
ce_temp12_s3,ce,,3,1.2,4.0,neighbor,32,346,309,345,309,1024
ce_temp12_s3,ce,,3,1.2,4.0,entropy,32,193,182,193,182,1024
ce_temp12_s3,ce,,3,1.2,4.0,euler,64,325,278,325,278,1024
ce_temp12_s3,ce,,3,1.2,4.0,neighbor,64,362,316,362,316,1024
ce_temp12_s3,ce,,3,1.2,4.0,entropy,64,293,259,293,259,1024
ce_temp12_s3,ce,,3,1.2,4.0,euler,128,363,316,362,316,1024
ce_temp12_s3,ce,,3,1.2,4.0,neighbor,128,364,320,364,320,1024
ce_temp12_s3,ce,,3,1.2,4.0,entropy,128,348,300,348,300,1024
ce_temp12_s3,ce,,3,1.2,4.0,euler,256,376,314,376,314,1024
ce_temp12_s3,ce,,3,1.2,4.0,neighbor,256,376,327,376,327,1024
ce_temp12_s3,ce,,3,1.2,4.0,entropy,256,400,335,400,335,1024
sce_r1_temp08_s0,sce,1,0,0.8,4.0,euler,8,272,231,272,231,1024
sce_r1_temp08_s0,sce,1,0,0.8,4.0,neighbor,8,244,207,244,207,1024
sce_r1_temp08_s0,sce,1,0,0.8,4.0,entropy,8,63,59,63,59,1024
sce_r1_temp08_s0,sce,1,0,0.8,4.0,euler,16,388,305,387,305,1024
sce_r1_temp08_s0,sce,1,0,0.8,4.0,neighbor,16,379,319,379,319,1024
sce_r1_temp08_s0,sce,1,0,0.8,4.0,entropy,16,181,157,181,157,1024
sce_r1_temp08_s0,sce,1,0,0.8,4.0,euler,32,418,330,417,329,1024
sce_r1_temp08_s0,sce,1,0,0.8,4.0,neighbor,32,441,337,440,337,1024
sce_r1_temp08_s0,sce,1,0,0.8,4.0,entropy,32,337,278,337,278,1024
sce_r1_temp08_s0,sce,1,0,0.8,4.0,euler,64,499,392,499,392,1024
sce_r1_temp08_s0,sce,1,0,0.8,4.0,neighbor,64,524,415,524,415,1024
sce_r1_temp08_s0,sce,1,0,0.8,4.0,entropy,64,443,345,442,344,1024
sce_r1_temp08_s0,sce,1,0,0.8,4.0,euler,128,544,406,544,406,1024
sce_r1_temp08_s0,sce,1,0,0.8,4.0,neighbor,128,523,380,522,380,1024
sce_r1_temp08_s0,sce,1,0,0.8,4.0,entropy,128,546,397,546,397,1024
sce_r1_temp08_s0,sce,1,0,0.8,4.0,euler,256,515,396,515,396,1024
sce_r1_temp08_s0,sce,1,0,0.8,4.0,neighbor,256,567,419,565,418,1024
sce_r1_temp08_s0,sce,1,0,0.8,4.0,entropy,256,564,410,563,410,1024
sce_r1_temp08_s1,sce,1,1,0.8,4.0,euler,8,275,235,275,235,1024
sce_r1_temp08_s1,sce,1,1,0.8,4.0,neighbor,8,252,203,252,203,1024
sce_r1_temp08_s1,sce,1,1,0.8,4.0,entropy,8,76,67,76,67,1024
sce_r1_temp08_s1,sce,1,1,0.8,4.0,euler,16,400,326,399,325,1024
sce_r1_temp08_s1,sce,1,1,0.8,4.0,neighbor,16,370,285,368,284,1024
sce_r1_temp08_s1,sce,1,1,0.8,4.0,entropy,16,191,174,191,174,1024
sce_r1_temp08_s1,sce,1,1,0.8,4.0,euler,32,459,352,458,351,1024
sce_r1_temp08_s1,sce,1,1,0.8,4.0,neighbor,32,478,366,478,366,1024
sce_r1_temp08_s1,sce,1,1,0.8,4.0,entropy,32,314,251,314,251,1024
sce_r1_temp08_s1,sce,1,1,0.8,4.0,euler,64,490,374,490,374,1024
sce_r1_temp08_s1,sce,1,1,0.8,4.0,neighbor,64,511,387,510,386,1024
sce_r1_temp08_s1,sce,1,1,0.8,4.0,entropy,64,481,374,480,373,1024
sce_r1_temp08_s1,sce,1,1,0.8,4.0,euler,128,518,384,518,384,1024
sce_r1_temp08_s1,sce,1,1,0.8,4.0,neighbor,128,518,379,518,379,1024
sce_r1_temp08_s1,sce,1,1,0.8,4.0,entropy,128,556,401,556,401,1024
sce_r1_temp08_s1,sce,1,1,0.8,4.0,euler,256,531,388,531,388,1024
sce_r1_temp08_s1,sce,1,1,0.8,4.0,neighbor,256,536,400,535,400,1024
sce_r1_temp08_s1,sce,1,1,0.8,4.0,entropy,256,572,410,570,410,1024
sce_r1_temp08_s2,sce,1,2,0.8,4.0,euler,8,289,252,289,252,1024
sce_r1_temp08_s2,sce,1,2,0.8,4.0,neighbor,8,234,187,234,187,1024
sce_r1_temp08_s2,sce,1,2,0.8,4.0,entropy,8,52,48,52,48,1024
sce_r1_temp08_s2,sce,1,2,0.8,4.0,euler,16,372,305,372,305,1024
sce_r1_temp08_s2,sce,1,2,0.8,4.0,neighbor,16,352,280,351,279,1024
sce_r1_temp08_s2,sce,1,2,0.8,4.0,entropy,16,172,143,171,143,1024
sce_r1_temp08_s2,sce,1,2,0.8,4.0,euler,32,457,347,455,347,1024
sce_r1_temp08_s2,sce,1,2,0.8,4.0,neighbor,32,463,372,462,371,1024
sce_r1_temp08_s2,sce,1,2,0.8,4.0,entropy,32,325,253,325,253,1024
sce_r1_temp08_s2,sce,1,2,0.8,4.0,euler,64,493,354,492,354,1024
sce_r1_temp08_s2,sce,1,2,0.8,4.0,neighbor,64,527,400,527,400,1024
sce_r1_temp08_s2,sce,1,2,0.8,4.0,entropy,64,455,357,455,357,1024
sce_r1_temp08_s2,sce,1,2,0.8,4.0,euler,128,507,390,506,389,1024
sce_r1_temp08_s2,sce,1,2,0.8,4.0,neighbor,128,525,406,525,406,1024
sce_r1_temp08_s2,sce,1,2,0.8,4.0,entropy,128,545,396,544,396,1024
sce_r1_temp08_s2,sce,1,2,0.8,4.0,euler,256,524,414,524,414,1024
sce_r1_temp08_s2,sce,1,2,0.8,4.0,neighbor,256,553,387,552,387,1024
sce_r1_temp08_s2,sce,1,2,0.8,4.0,entropy,256,580,415,578,415,1024
sce_r1_temp08_s3,sce,1,3,0.8,4.0,euler,8,279,240,279,240,1024
sce_r1_temp08_s3,sce,1,3,0.8,4.0,neighbor,8,264,217,264,217,1024
sce_r1_temp08_s3,sce,1,3,0.8,4.0,entropy,8,63,58,63,58,1024
sce_r1_temp08_s3,sce,1,3,0.8,4.0,euler,16,409,319,409,319,1024
sce_r1_temp08_s3,sce,1,3,0.8,4.0,neighbor,16,416,351,416,351,1024
sce_r1_temp08_s3,sce,1,3,0.8,4.0,entropy,16,183,152,183,152,1024
sce_r1_temp08_s3,sce,1,3,0.8,4.0,euler,32,488,364,485,363,1024
sce_r1_temp08_s3,sce,1,3,0.8,4.0,neighbor,32,478,349,477,349,1024
sce_r1_temp08_s3,sce,1,3,0.8,4.0,entropy,32,362,304,362,304,1024
sce_r1_temp08_s3,sce,1,3,0.8,4.0,euler,64,502,374,501,373,1024
sce_r1_temp08_s3,sce,1,3,0.8,4.0,neighbor,64,530,384,530,384,1024
sce_r1_temp08_s3,sce,1,3,0.8,4.0,entropy,64,500,374,499,373,1024
sce_r1_temp08_s3,sce,1,3,0.8,4.0,euler,128,534,406,533,405,1024
sce_r1_temp08_s3,sce,1,3,0.8,4.0,neighbor,128,553,410,551,409,1024
sce_r1_temp08_s3,sce,1,3,0.8,4.0,entropy,128,540,388,536,387,1024
sce_r1_temp08_s3,sce,1,3,0.8,4.0,euler,256,551,405,550,405,1024
sce_r1_temp08_s3,sce,1,3,0.8,4.0,neighbor,256,578,409,576,409,1024
sce_r1_temp08_s3,sce,1,3,0.8,4.0,entropy,256,625,426,622,424,1024
neighbor_scale2_s0,ce,,0,1.0,2.0,euler,8,229,206,229,206,1024
neighbor_scale2_s0,ce,,0,1.0,2.0,neighbor,8,220,183,220,183,1024
neighbor_scale2_s0,ce,,0,1.0,2.0,entropy,8,42,40,42,40,1024
neighbor_scale2_s0,ce,,0,1.0,2.0,euler,16,359,297,359,297,1024
neighbor_scale2_s0,ce,,0,1.0,2.0,neighbor,16,298,254,298,254,1024
neighbor_scale2_s0,ce,,0,1.0,2.0,entropy,16,153,147,153,147,1024
neighbor_scale2_s0,ce,,0,1.0,2.0,euler,32,401,320,401,320,1024
neighbor_scale2_s0,ce,,0,1.0,2.0,neighbor,32,401,335,401,335,1024
neighbor_scale2_s0,ce,,0,1.0,2.0,entropy,32,261,239,261,239,1024
neighbor_scale2_s0,ce,,0,1.0,2.0,euler,64,412,330,412,330,1024
neighbor_scale2_s0,ce,,0,1.0,2.0,neighbor,64,444,361,443,361,1024
neighbor_scale2_s0,ce,,0,1.0,2.0,entropy,64,354,302,354,302,1024
neighbor_scale2_s0,ce,,0,1.0,2.0,euler,128,451,369,451,369,1024
neighbor_scale2_s0,ce,,0,1.0,2.0,neighbor,128,484,393,484,393,1024
neighbor_scale2_s0,ce,,0,1.0,2.0,entropy,128,453,377,453,377,1024
neighbor_scale2_s0,ce,,0,1.0,2.0,euler,256,467,385,466,385,1024
neighbor_scale2_s0,ce,,0,1.0,2.0,neighbor,256,480,401,480,401,1024
neighbor_scale2_s0,ce,,0,1.0,2.0,entropy,256,550,442,550,442,1024
neighbor_scale6_s0,ce,,0,1.0,6.0,euler,8,229,206,229,206,1024
neighbor_scale6_s0,ce,,0,1.0,6.0,neighbor,8,207,181,207,181,1024
neighbor_scale6_s0,ce,,0,1.0,6.0,entropy,8,42,40,42,40,1024
neighbor_scale6_s0,ce,,0,1.0,6.0,euler,16,359,297,359,297,1024
neighbor_scale6_s0,ce,,0,1.0,6.0,neighbor,16,328,277,328,277,1024
neighbor_scale6_s0,ce,,0,1.0,6.0,entropy,16,153,147,153,147,1024
neighbor_scale6_s0,ce,,0,1.0,6.0,euler,32,401,320,401,320,1024
neighbor_scale6_s0,ce,,0,1.0,6.0,neighbor,32,406,330,406,330,1024
neighbor_scale6_s0,ce,,0,1.0,6.0,entropy,32,261,239,261,239,1024
neighbor_scale6_s0,ce,,0,1.0,6.0,euler,64,412,330,412,330,1024
neighbor_scale6_s0,ce,,0,1.0,6.0,neighbor,64,491,396,490,396,1024
neighbor_scale6_s0,ce,,0,1.0,6.0,entropy,64,354,302,354,302,1024
neighbor_scale6_s0,ce,,0,1.0,6.0,euler,128,451,369,451,369,1024
neighbor_scale6_s0,ce,,0,1.0,6.0,neighbor,128,491,403,491,403,1024
neighbor_scale6_s0,ce,,0,1.0,6.0,entropy,128,453,377,453,377,1024
neighbor_scale6_s0,ce,,0,1.0,6.0,euler,256,467,385,466,385,1024
neighbor_scale6_s0,ce,,0,1.0,6.0,neighbor,256,492,399,489,398,1024
neighbor_scale6_s0,ce,,0,1.0,6.0,entropy,256,550,442,550,442,1024
